Datum;Erster;Hoch;Tief;Schlusskurs
2021-04-26;0,8261;0,829;0,8253;0,8274
2021-04-23;0,8321;0,8324;0,8265;0,8266
2021-04-22;0,8309;0,8337;0,8286;0,8322
2021-04-21;0,8308;0,8334;0,8303;0,8308
2021-04-20;0,8308;0,8318;0,8279;0,8308
2021-04-19;0,836;0,8373;0,8301;0,8307
2021-04-16;0,8355;0,8368;0,8338;0,8346
2021-04-15;0,8348;0,8363;0,8339;0,8354
2021-04-14;0,8368;0,8369;0,8342;0,8348
2021-04-13;0,8394;0,8415;0,8365;0,8368
2021-04-12;0,8406;0,8423;0,839;0,8394
2021-04-09;0,8393;0,8426;0,8389;0,8403
2021-04-08;0,8425;0,8431;0,8384;0,8392
2021-04-07;0,8422;0,8431;0,8394;0,8425
2021-04-06;0,8465;0,8477;0,8419;0,8423
2021-04-05;0,85;0,8519;0,8461;0,8465
2021-04-02;0,849;0,8511;0,8485;0,8501
2021-04-01;0,8527;0,8537;0,849;0,8492
2021-03-31;0,8533;0,8544;0,8504;0,8527
2021-03-30;0,8499;0,8537;0,8494;0,8534
2021-03-29;0,8488;0,8503;0,848;0,8498
2021-03-26;0,8494;0,8495;0,8473;0,8479
2021-03-25;0,8466;0,8502;0,8455;0,8495
2021-03-24;0,8441;0,8468;0,8438;0,8466
2021-03-23;0,838;0,8444;0,8375;0,8439
2021-03-22;0,8414;0,8421;0,8371;0,8379
2021-03-19;0,8391;0,8422;0,8378;0,84
2021-03-18;0,8348;0,8399;0,8342;0,8391
2021-03-17;0,8402;0,8413;0,8343;0,8347
2021-03-16;0,8386;0,8415;0,8367;0,8402
2021-03-15;0,8363;0,8395;0,836;0,8385
2021-03-12;0,8345;0,8396;0,8342;0,8366
2021-03-11;0,8384;0,8392;0,834;0,8345
2021-03-10;0,8402;0,8425;0,8382;0,8385
2021-03-09;0,8441;0,8448;0,8393;0,8402
2021-03-08;0,8384;0,8443;0,8383;0,844
2021-03-05;0,8351;0,8403;0,8351;0,8396
2021-03-04;0,8288;0,836;0,8288;0,8349
2021-03-03;0,8275;0,8303;0,8258;0,829
2021-03-02;0,8299;0,8338;0,8268;0,8275
2021-03-01;0,8275;0,8313;0,827;0,8298
2021-02-26;0,821;0,829;0,8209;0,8283
2021-02-25;0,822;0,8226;0,8169;0,8208
2021-02-24;0,823;0,8258;0,8214;0,8221
2021-02-23;0,8224;0,824;0,8212;0,8231
2021-02-22;0,8247;0,827;0,8218;0,8223
2021-02-19;0,8269;0,8276;0,8234;0,8252
2021-02-18;0,8303;0,8308;0,8268;0,827
2021-02-17;0,8262;0,8316;0,8262;0,8302
2021-02-16;0,8244;0,8267;0,8218;0,8263
2021-02-15;0,8246;0,825;0,8234;0,8245
2021-02-12;0,8242;0,8276;0,8242;0,8251
2021-02-11;0,8251;0,8255;0,8232;0,8242
2021-02-10;0,8252;0,8258;0,8235;0,8252
2021-02-09;0,8298;0,83;0,825;0,8253
2021-02-08;0,8307;0,8319;0,8289;0,8299
2021-02-05;0,8358;0,8366;0,8299;0,8299
2021-02-04;0,8308;0,8363;0,8304;0,8359
2021-02-03;0,8304;0,8329;0,8299;0,831
2021-02-02;0,8291;0,8325;0,8273;0,8303
2021-02-01;0,8246;0,8294;0,8242;0,829
2021-01-29;0,8249;0,8268;0,8227;0,8239
2021-01-28;0,8257;0,8277;0,8236;0,8251
2021-01-27;0,8222;0,8291;0,8217;0,8258
2021-01-26;0,8235;0,8259;0,8214;0,8222
2021-01-25;0,8221;0,8253;0,8208;0,8237
2021-01-22;0,8217;0,8229;0,8205;0,8216
2021-01-21;0,8258;0,8258;0,8217;0,8219
2021-01-20;0,8246;0,828;0,8226;0,8258
2021-01-19;0,8281;0,8282;0,8234;0,8245
2021-01-18;0,8279;0,8295;0,8274;0,8279
2021-01-15;0,8229;0,8282;0,8222;0,8282
2021-01-14;0,8226;0,8257;0,8212;0,8227
2021-01-13;0,8193;0,8237;0,8183;0,8226
2021-01-12;0,8228;0,8238;0,8191;0,8193
2021-01-11;0,8212;0,8242;0,8197;0,8228
2021-01-08;0,8152;0,82;0,8142;0,8182
2021-01-07;0,8112;0,8166;0,8101;0,8152
2021-01-06;0,8132;0,8152;0,8098;0,8112
2021-01-05;0,8163;0,8165;0,8127;0,8133
2021-01-04;0,8162;0,8169;0,8125;0,8163
2020-12-31;0,8131;0,8186;0,8124;0,8186
2020-12-30;0,8161;0,8162;0,8125;0,8132
2020-12-29;0,8188;0,8188;0,8147;0,8162
2020-12-28;0,8193;0,8202;0,8163;0,819
2020-12-24;0,8204;0,8212;0,8186;0,8209
2020-12-23;0,8221;0,8227;0,8184;0,8203
2020-12-22;0,8168;0,8229;0,8159;0,8221
2020-12-21;0,8191;0,8244;0,8162;0,8171
2020-12-18;0,8151;0,8179;0,8151;0,8159
2020-12-17;0,8198;0,8202;0,8148;0,8152
2020-12-16;0,8229;0,8244;0,8189;0,8198
2020-12-15;0,8233;0,8246;0,8218;0,823
2020-12-14;0,8245;0,8248;0,8214;0,8234
2020-12-11;0,8236;0,826;0,8222;0,8256
2020-12-10;0,8278;0,8281;0,8225;0,8237
2020-12-09;0,8261;0,8292;0,8233;0,8278
2020-12-08;0,8257;0,8267;0,8242;0,8261
2020-12-07;0,8241;0,8278;0,8222;0,8258
2020-12-04;0,8235;0,8257;0,8213;0,8249
2020-12-03;0,8256;0,8263;0,8214;0,8235
2020-12-02;0,8284;0,8305;0,8252;0,8255
2020-12-01;0,8382;0,8382;0,8282;0,8283
2020-11-30;0,8352;0,8386;0,8332;0,8381
2020-11-27;0,8395;0,8397;0,8358;0,8359
2020-11-26;0,8392;0,8413;0,8375;0,8396
2020-11-25;0,8409;0,8416;0,8383;0,8393
2020-11-24;0,8446;0,8447;0,8407;0,8409
2020-11-23;0,842;0,8473;0,8399;0,8447
2020-11-20;0,8424;0,8438;0,8411;0,8434
2020-11-19;0,8437;0,8461;0,8416;0,8424
2020-11-18;0,843;0,8439;0,841;0,8438
2020-11-17;0,8435;0,8441;0,8409;0,843
2020-11-16;0,844;0,8464;0,8426;0,8435
2020-11-13;0,8469;0,8475;0,8449;0,8449
2020-11-12;0,8491;0,8504;0,8459;0,847
2020-11-11;0,8461;0,8513;0,8451;0,849
2020-11-10;0,8462;0,8489;0,8445;0,8461
2020-11-09;0,8411;0,8477;0,8391;0,8464
2020-11-06;0,8457;0,8477;0,8411;0,8421
2020-11-05;0,8529;0,8539;0,8435;0,8458
2020-11-04;0,8528;0,8616;0,8498;0,8531
2020-11-03;0,8591;0,8593;0,8519;0,8528
2020-11-02;0,859;0,8604;0,858;0,8591
2020-10-30;0,857;0,8591;0,8545;0,8586
2020-10-29;0,8512;0,8583;0,8505;0,8569
2020-10-28;0,849;0,8534;0,8484;0,8512
2020-10-27;0,8469;0,8496;0,8448;0,8489
2020-10-26;0,8446;0,8472;0,8441;0,8468
2020-10-23;0,8459;0,8484;0,8428;0,8432
2020-10-22;0,8429;0,8465;0,8427;0,846
2020-10-21;0,8458;0,8458;0,8418;0,8431
2020-10-20;0,8497;0,8502;0,8446;0,8457
2020-10-19;0,853;0,8544;0,8479;0,8498
2020-10-16;0,854;0,8551;0,8515;0,8535
2020-10-15;0,8511;0,8555;0,8505;0,854
2020-10-14;0,8514;0,8532;0,8497;0,8512
2020-10-13;0,8465;0,8524;0,8464;0,8514
2020-10-12;0,8466;0,8484;0,8455;0,8465
2020-10-09;0,8501;0,8504;0,8453;0,8453
2020-10-08;0,8498;0,8522;0,849;0,8504
2020-10-07;0,8522;0,8529;0,8488;0,85
2020-10-06;0,8485;0,8524;0,8471;0,8523
2020-10-05;0,8528;0,8531;0,8477;0,8488
2020-10-02;0,8513;0,8548;0,8512;0,8535
2020-10-01;0,853;0,8534;0,8498;0,8513
2020-09-30;0,8516;0,8557;0,8508;0,853
2020-09-29;0,8572;0,8574;0,8514;0,8518
2020-09-28;0,8607;0,8607;0,8562;0,8573
2020-09-25;0,8569;0,8611;0,8558;0,8598
2020-09-24;0,8575;0,86;0,8557;0,8568
2020-09-23;0,8542;0,8582;0,8534;0,8576
2020-09-22;0,8498;0,8552;0,8495;0,8542
2020-09-21;0,8432;0,8524;0,8424;0,8495
2020-09-18;0,8441;0,8453;0,8425;0,8446
2020-09-17;0,8462;0,8517;0,8437;0,8442
2020-09-16;0,844;0,8481;0,8417;0,8464
2020-09-15;0,8428;0,8446;0,8404;0,844
2020-09-14;0,845;0,845;0,8412;0,8427
2020-09-11;0,846;0,846;0,8423;0,8442
2020-09-10;0,8472;0,8473;0,8393;0,846
2020-09-09;0,8493;0,8508;0,8453;0,8472
2020-09-08;0,8463;0,8498;0,8456;0,8494
2020-09-07;0,8449;0,8466;0,844;0,8464
2020-09-04;0,8438;0,8488;0,843;0,8447
2020-09-03;0,8436;0,8481;0,8429;0,8438
2020-09-02;0,8393;0,8458;0,8384;0,8436
2020-09-01;0,8376;0,8402;0,8329;0,8392
2020-08-31;0,8398;0,8414;0,8359;0,8376
2020-08-28;0,8459;0,8466;0,839;0,84
2020-08-27;0,8451;0,8499;0,8408;0,846
2020-08-26;0,8449;0,8494;0,8447;0,8452
2020-08-25;0,8482;0,8486;0,8446;0,845
2020-08-24;0,8477;0,8485;0,844;0,8481
2020-08-21;0,843;0,8507;0,8415;0,8477
2020-08-20;0,8445;0,8472;0,8426;0,843
2020-08-19;0,838;0,8452;0,8367;0,8445
2020-08-18;0,8423;0,8425;0,8357;0,8381
2020-08-17;0,8441;0,8452;0,8417;0,8422
2020-08-14;0,8463;0,8486;0,8439;0,8444
2020-08-13;0,8485;0,8486;0,843;0,8464
2020-08-12;0,8517;0,8539;0,8466;0,8486
2020-08-11;0,8517;0,853;0,8472;0,8516
2020-08-10;0,8478;0,8521;0,8475;0,8519
2020-08-07;0,8418;0,8506;0,8416;0,8485
2020-08-06;0,8428;0,8461;0,8395;0,8419
2020-08-05;0,8476;0,8479;0,8401;0,8427
2020-08-04;0,85;0,853;0,8472;0,8477
2020-08-03;0,8508;0,8547;0,8485;0,8502
2020-07-31;0,8444;0,8496;0,8399;0,849
2020-07-30;0,848;0,8523;0,844;0,8445
2020-07-29;0,8531;0,8536;0,8472;0,8481
2020-07-28;0,851;0,8547;0,8494;0,8531
2020-07-27;0,8555;0,856;0,849;0,8511
2020-07-24;0,8622;0,8634;0,8579;0,8579
2020-07-23;0,8639;0,8663;0,8603;0,8624
2020-07-22;0,8671;0,8689;0,8621;0,8642
2020-07-21;0,8738;0,8752;0,8666;0,8671
2020-07-20;0,8755;0,8768;0,8722;0,8739
2020-07-17;0,8786;0,8789;0,8739;0,8751
2020-07-16;0,8763;0,8794;0,874;0,8785
2020-07-15;0,877;0,8778;0,8733;0,8763
2020-07-14;0,8813;0,883;0,8765;0,877
2020-07-13;0,8838;0,8848;0,8792;0,8813
2020-07-10;0,8862;0,8885;0,883;0,885
2020-07-09;0,8824;0,8865;0,8795;0,8862
2020-07-08;0,887;0,8878;0,8811;0,8824
2020-07-07;0,8842;0,8881;0,8825;0,8869
2020-07-06;0,8878;0,888;0,8815;0,8841
2020-07-03;0,8898;0,8912;0,8888;0,8892
2020-07-02;0,8887;0,8909;0,8848;0,8898
2020-07-01;0,8902;0,8938;0,887;0,8888
2020-06-30;0,8896;0,8934;0,888;0,8903
2020-06-29;0,8905;0,8913;0,8859;0,8896
2020-06-26;0,8915;0,8931;0,8897;0,8914
2020-06-25;0,8886;0,8936;0,8881;0,8915
2020-06-24;0,8843;0,889;0,8829;0,8886
2020-06-23;0,8879;0,8901;0,8812;0,8841
2020-06-22;0,8943;0,8943;0,8876;0,8879
2020-06-19;0,8924;0,8951;0,8887;0,8947
2020-06-18;0,8894;0,894;0,888;0,8926
2020-06-17;0,8879;0,8921;0,8855;0,8893
2020-06-16;0,8833;0,8905;0,881;0,8881
2020-06-15;0,8892;0,8906;0,8826;0,883
2020-06-12;0,8854;0,8918;0,8819;0,8883
2020-06-11;0,8789;0,8858;0,8772;0,8855
2020-06-10;0,8822;0,8825;0,8758;0,8791
2020-06-09;0,8855;0,8895;0,88;0,8819
2020-06-08;0,8851;0,8873;0,8836;0,8856
2020-06-05;0,8821;0,8866;0,8785;0,8856
2020-06-04;0,89;0,8932;0,8802;0,8821
2020-06-03;0,8954;0,8955;0,8887;0,8899
2020-06-02;0,8982;0,8996;0,8932;0,8952
2020-06-01;0,8992;0,9009;0,8966;0,8984
2020-05-29;0,9025;0,9033;0,8973;0,9005
2020-05-28;0,9083;0,9097;0,9015;0,9028
2020-05-27;0,9107;0,9145;0,9067;0,9082
2020-05-26;0,9179;0,9181;0,9094;0,9108
2020-05-25;0,9173;0,9198;0,9163;0,9179
2020-05-22;0,9134;0,9186;0,913;0,9173
2020-05-21;0,9107;0,9141;0,9084;0,9135
2020-05-20;0,9157;0,9158;0,9092;0,9109
2020-05-19;0,9162;0,9172;0,9111;0,9156
2020-05-18;0,9245;0,9259;0,9153;0,916
2020-05-15;0,9254;0,9267;0,9218;0,9242
2020-05-14;0,9242;0,9278;0,9239;0,9254
2020-05-13;0,9218;0,9249;0,918;0,9245
2020-05-12;0,9251;0,9272;0,9191;0,922
2020-05-11;0,922;0,9258;0,9217;0,9254
2020-05-08;0,9232;0,9245;0,9198;0,9226
2020-05-07;0,9263;0,9288;0,923;0,9234
2020-05-06;0,9224;0,9273;0,9222;0,9264
2020-05-05;0,9173;0,9236;0,9157;0,9223
2020-05-04;0,9134;0,9178;0,9128;0,9172
2020-05-01;0,9131;0,9145;0,9078;0,9106
2020-04-30;0,9196;0,9229;0,9117;0,9132
2020-04-29;0,924;0,9242;0,9187;0,9196
2020-04-28;0,9233;0,9251;0,9185;0,924
2020-04-27;0,9242;0,9245;0,9208;0,9232
2020-04-24;0,9279;0,9321;0,9235;0,9238
2020-04-23;0,9239;0,9297;0,9223;0,9277
2020-04-22;0,921;0,9255;0,9188;0,9239
2020-04-21;0,9205;0,9243;0,9192;0,9208
2020-04-20;0,9207;0,9223;0,9179;0,92
2020-04-17;0,921;0,9249;0,9182;0,9197
2020-04-16;0,9167;0,9243;0,9165;0,921
2020-04-15;0,9105;0,921;0,91;0,9167
2020-04-14;0,9166;0,9166;0,9099;0,9101
2020-04-13;0,9149;0,918;0,9118;0,9164
2020-04-10;0,9151;0,9157;0,9131;0,9146
2020-04-09;0,9211;0,9224;0,9133;0,9151
2020-04-08;0,9181;0,9233;0,9173;0,9211
2020-04-07;0,9264;0,9272;0,9155;0,9182
2020-04-06;0,9246;0,9285;0,923;0,9264
2020-04-03;0,9211;0,928;0,9209;0,9251
2020-04-02;0,9128;0,9241;0,9121;0,9211
2020-04-01;0,9061;0,9171;0,906;0,9135
2020-03-31;0,9053;0,9151;0,9049;0,9063
2020-03-30;0,9006;0,9081;0,8998;0,9052
2020-03-27;0,9061;0,9127;0,8972;0,8981
2020-03-26;0,9191;0,9194;0,9043;0,9059
2020-03-25;0,9247;0,929;0,918;0,919
2020-03-24;0,9305;0,9307;0,9185;0,9247
2020-03-23;0,9333;0,9373;0,924;0,9307
2020-03-20;0,9375;0,94;0,9234;0,9345
2020-03-19;0,9145;0,9385;0,9109;0,9378
2020-03-18;0,9078;0,9256;0,9054;0,915
2020-03-17;0,8952;0,9127;0,8938;0,9078
2020-03-16;0,9007;0,9018;0,89;0,8953
2020-03-13;0,8946;0,9045;0,8912;0,9004
2020-03-12;0,8882;0,9044;0,8824;0,8949
2020-03-11;0,8843;0,8887;0,8798;0,8881
2020-03-10;0,8742;0,8869;0,8742;0,8842
2020-03-09;0,8749;0,8797;0,8709;0,8742
2020-03-06;0,8901;0,8917;0,8807;0,886
2020-03-05;0,8982;0,8991;0,8893;0,8905
2020-03-04;0,8948;0,9012;0,8942;0,8982
2020-03-03;0,8975;0,901;0,8921;0,8952
2020-03-02;0,9044;0,9059;0,8941;0,8978
2020-02-28;0,9089;0,9131;0,9048;0,9068
2020-02-27;0,9189;0,9192;0,9086;0,9088
2020-02-26;0,9191;0,9212;0,9172;0,9189
2020-02-25;0,9214;0,9233;0,9184;0,919
2020-02-24;0,9235;0,9251;0,9198;0,9213
2020-02-21;0,9271;0,9271;0,9206;0,9217
2020-02-20;0,9252;0,9277;0,9242;0,927
2020-02-19;0,9264;0,9274;0,9249;0,9252
2020-02-18;0,9229;0,927;0,9227;0,9264
2020-02-17;0,9228;0,9234;0,9216;0,9227
2020-02-14;0,9225;0,9235;0,9207;0,9233
2020-02-13;0,9198;0,9229;0,9184;0,9226
2020-02-12;0,9159;0,9203;0,9153;0,9198
2020-02-11;0,9164;0,9179;0,9154;0,9159
2020-02-10;0,9132;0,9167;0,9126;0,9165
2020-02-07;0,9107;0,9139;0,9103;0,9136
2020-02-06;0,9091;0,9119;0,9083;0,9107
2020-02-05;0,9054;0,9096;0,9052;0,9091
2020-02-04;0,9041;0,9063;0,9038;0,9055
2020-02-03;0,9023;0,9059;0,902;0,9041
2020-01-31;0,9064;0,9077;0,9013;0,9013
2020-01-30;0,9082;0,9085;0,9059;0,9062
2020-01-29;0,9073;0,9097;0,9068;0,9081
2020-01-28;0,9075;0,9091;0,9071;0,9073
2020-01-27;0,9063;0,9083;0,906;0,9076
2020-01-24;0,9045;0,9074;0,9042;0,907
2020-01-23;0,9014;0,9061;0,9006;0,9046
2020-01-22;0,9023;0,9032;0,9012;0,9015
2020-01-21;0,9013;0,9024;0,8995;0,9023
2020-01-20;0,9012;0,9028;0,9007;0,9011
2020-01-17;0,8979;0,902;0,8975;0,9018
2020-01-16;0,8966;0,8986;0,8952;0,8979
2020-01-15;0,8987;0,8993;0,8958;0,8968
2020-01-14;0,898;0,9005;0,8973;0,8987
2020-01-13;0,8992;0,8998;0,8972;0,8979
2020-01-10;0,9004;0,902;0,8986;0,8993
2020-01-09;0,9003;0,9013;0,8993;0,9004
2020-01-08;0,8969;0,9007;0,8957;0,90
2020-01-07;0,8931;0,8981;0,8931;0,8972
2020-01-06;0,8958;0,8963;0,8924;0,8932
2020-01-03;0,8951;0,8988;0,8945;0,8962
2020-01-02;0,8921;0,8958;0,8918;0,8951
2019-12-31;0,8926;0,8928;0,8898;0,8911
2019-12-30;0,8933;0,8943;0,8912;0,8928
2019-12-27;0,901;0,901;0,8938;0,8947
2019-12-26;0,902;0,9023;0,9002;0,9011
2019-12-24;0,9017;0,9033;0,9014;0,902
2019-12-23;0,9027;0,9033;0,9013;0,9017
2019-12-20;0,899;0,9036;0,8989;0,9027
2019-12-19;0,8996;0,9002;0,8974;0,899
2019-12-18;0,8967;0,90;0,8966;0,8996
2019-12-17;0,8977;0,8985;0,895;0,8966
2019-12-16;0,8986;0,8988;0,8963;0,8975
2019-12-13;0,8945;0,8999;0,8935;0,8993
2019-12-12;0,8983;0,9005;0,893;0,8933
2019-12-11;0,9015;0,9033;0,8973;0,8982
2019-12-10;0,9038;0,9039;0,9011;0,9015
2019-12-09;0,9044;0,9047;0,9027;0,9038
2019-12-06;0,9005;0,9057;0,9001;0,904
2019-12-05;0,9026;0,9026;0,9003;0,9005
2019-12-04;0,9024;0,9036;0,8997;0,9027
2019-12-03;0,9027;0,9036;0,9015;0,9023
2019-12-02;0,9075;0,9088;0,9018;0,9027
2019-11-29;0,9083;0,9106;0,9069;0,9076
2019-11-28;0,9088;0,909;0,9076;0,9081
2019-11-27;0,9072;0,9097;0,9072;0,9086
2019-11-26;0,908;0,9085;0,907;0,9072
2019-11-25;0,9071;0,9087;0,9065;0,908
2019-11-22;0,904;0,9078;0,9026;0,9075
2019-11-21;0,9028;0,9047;0,9013;0,904
2019-11-20;0,9027;0,9047;0,9025;0,9029
2019-11-19;0,9032;0,9039;0,9022;0,9027
2019-11-18;0,9044;0,9046;0,9017;0,9032
2019-11-15;0,9073;0,9079;0,9044;0,9049
2019-11-14;0,9084;0,9099;0,9069;0,9071
2019-11-13;0,9082;0,9095;0,9075;0,9085
2019-11-12;0,9064;0,9088;0,906;0,9082
2019-11-11;0,9076;0,9077;0,9056;0,9065
2019-11-08;0,905;0,9077;0,9046;0,9075
2019-11-07;0,9034;0,9061;0,9017;0,905
2019-11-06;0,9029;0,9037;0,9015;0,9033
2019-11-05;0,8989;0,9039;0,8977;0,903
2019-11-04;0,8955;0,8989;0,8948;0,8987
2019-11-01;0,8967;0,8985;0,8951;0,8956
2019-10-31;0,8966;0,8983;0,895;0,8968
2019-10-30;0,8999;0,9024;0,8965;0,8967
2019-10-29;0,901;0,903;0,8995;0,8999
2019-10-28;0,9027;0,9028;0,9004;0,901
2019-10-25;0,9005;0,9031;0,8991;0,9025
2019-10-24;0,8983;0,9014;0,8959;0,9004
2019-10-23;0,8987;0,9003;0,8978;0,8983
2019-10-22;0,8968;0,8993;0,8963;0,8989
2019-10-21;0,8959;0,8977;0,8946;0,897
2019-10-18;0,8987;0,8997;0,8951;0,8952
2019-10-17;0,903;0,9037;0,8983;0,8988
2019-10-16;0,9064;0,9072;0,9021;0,9032
2019-10-15;0,9069;0,9097;0,9054;0,9066
2019-10-14;0,9068;0,9079;0,9056;0,9071
2019-10-11;0,9084;0,9088;0,9041;0,9059
2019-10-10;0,9112;0,9113;0,9064;0,9085
2019-10-09;0,9127;0,9128;0,91;0,9113
2019-10-08;0,9114;0,9138;0,9095;0,9127
2019-10-07;0,9101;0,9122;0,9091;0,9115
2019-10-04;0,9117;0,9125;0,91;0,9109
2019-10-03;0,9124;0,914;0,9092;0,9115
2019-10-02;0,9148;0,917;0,9122;0,9123
2019-10-01;0,9176;0,919;0,9139;0,9149
2019-09-30;0,9144;0,9186;0,9135;0,9176
2019-09-27;0,9158;0,9168;0,9126;0,914
2019-09-26;0,9136;0,9165;0,9119;0,916
2019-09-25;0,9075;0,9143;0,9074;0,9138
2019-09-24;0,9095;0,9104;0,9072;0,9076
2019-09-23;0,9077;0,9119;0,907;0,9095
2019-09-20;0,9057;0,9094;0,9035;0,9075
2019-09-19;0,9064;0,9072;0,9031;0,9057
2019-09-18;0,9031;0,9078;0,9029;0,9062
2019-09-17;0,9091;0,9098;0,903;0,9032
2019-09-16;0,9029;0,9096;0,9024;0,9091
2019-09-13;0,9038;0,9045;0,9002;0,903
2019-09-12;0,9083;0,9151;0,9021;0,9038
2019-09-11;0,9051;0,9103;0,9046;0,9084
2019-09-10;0,905;0,9066;0,9042;0,9053
2019-09-09;0,9076;0,9078;0,9036;0,905
2019-09-06;0,906;0,9074;0,9045;0,9069
2019-09-05;0,9062;0,9076;0,9023;0,9063
2019-09-04;0,9114;0,9117;0,906;0,9062
2019-09-03;0,9116;0,9149;0,9109;0,9114
2019-09-02;0,9101;0,9126;0,9097;0,9115
2019-08-30;0,9044;0,9121;0,9042;0,9099
2019-08-29;0,9023;0,9055;0,9019;0,9043
2019-08-28;0,9017;0,903;0,9011;0,9023
2019-08-27;0,9007;0,902;0,8997;0,9015
2019-08-26;0,8974;0,9013;0,8967;0,9009
2019-08-23;0,9025;0,9048;0,8967;0,8977
2019-08-22;0,9018;0,9038;0,8999;0,9024
2019-08-21;0,9009;0,9024;0,9003;0,9019
2019-08-20;0,9025;0,9035;0,9004;0,901
2019-08-19;0,9017;0,9027;0,8999;0,9026
2019-08-16;0,9003;0,9036;0,8999;0,9016
2019-08-15;0,8975;0,9014;0,8962;0,9002
2019-08-14;0,895;0,8983;0,8937;0,8977
2019-08-13;0,8915;0,8952;0,8907;0,8951
2019-08-12;0,8925;0,8959;0,8905;0,8913
2019-08-09;0,8934;0,8942;0,8911;0,8929
2019-08-08;0,8927;0,8946;0,8907;0,8935
2019-08-07;0,8927;0,8944;0,8897;0,8927
2019-08-06;0,8917;0,8953;0,889;0,8925
2019-08-05;0,8988;0,8999;0,8919;0,8928
2019-08-02;0,9022;0,9032;0,8996;0,9002
2019-08-01;0,9029;0,9069;0,9013;0,9024
2019-07-31;0,8964;0,904;0,896;0,903
2019-07-30;0,8972;0,8982;0,8962;0,8963
2019-07-29;0,898;0,8997;0,8968;0,8972
2019-07-26;0,8971;0,8999;0,8968;0,8987
2019-07-25;0,8975;0,9006;0,894;0,8971
2019-07-24;0,8967;0,8984;0,8965;0,8975
2019-07-23;0,8921;0,8972;0,8921;0,8967
2019-07-22;0,8919;0,8923;0,8909;0,8922
2019-07-19;0,8867;0,8924;0,8864;0,8912
2019-07-18;0,8905;0,8923;0,8866;0,8868
2019-07-17;0,892;0,8928;0,8903;0,8907
2019-07-16;0,888;0,8927;0,8878;0,892
2019-07-15;0,887;0,8886;0,8862;0,8881
2019-07-12;0,8885;0,8897;0,8869;0,8872
2019-07-11;0,8885;0,8892;0,8861;0,8886
2019-07-10;0,8922;0,8927;0,8879;0,8886
2019-07-09;0,8916;0,8933;0,8914;0,8922
2019-07-08;0,8912;0,8923;0,8901;0,8915
2019-07-05;0,8861;0,8922;0,8859;0,8908
2019-07-04;0,8865;0,887;0,8854;0,8861
2019-07-03;0,8858;0,8874;0,8843;0,8866
2019-07-02;0,8859;0,8868;0,8838;0,8858
2019-07-01;0,8807;0,8864;0,8805;0,8859
2019-06-28;0,8797;0,8808;0,8777;0,8795
2019-06-27;0,8792;0,8812;0,8787;0,8797
2019-06-26;0,8795;0,8809;0,878;0,8792
2019-06-25;0,8773;0,8814;0,8763;0,8797
2019-06-24;0,8786;0,8793;0,8771;0,8774
2019-06-21;0,8854;0,8863;0,879;0,8796
2019-06-20;0,8904;0,8904;0,8838;0,8856
2019-06-19;0,8932;0,8938;0,8888;0,8905
2019-06-18;0,8912;0,8943;0,8895;0,8932
2019-06-17;0,8913;0,8925;0,8894;0,8911
2019-06-14;0,8867;0,8926;0,8858;0,8921
2019-06-13;0,8856;0,8873;0,8847;0,8867
2019-06-12;0,8827;0,8863;0,8816;0,8858
2019-06-11;0,8839;0,8846;0,882;0,8828
2019-06-10;0,8837;0,8856;0,8833;0,884
2019-06-07;0,8867;0,8887;0,8814;0,8824
2019-06-06;0,8907;0,891;0,8843;0,8868
2019-06-05;0,8886;0,8912;0,8845;0,8909
2019-06-04;0,8893;0,8907;0,8869;0,8887
2019-06-03;0,8945;0,896;0,888;0,8893
2019-05-31;0,8985;0,8989;0,8946;0,8953
2019-05-30;0,898;0,8996;0,8974;0,8986
2019-05-29;0,8958;0,8989;0,8951;0,898
2019-05-28;0,8933;0,8961;0,893;0,8956
2019-05-27;0,8923;0,8939;0,8917;0,8934
2019-05-24;0,8942;0,8946;0,8919;0,8925
2019-05-23;0,8966;0,9001;0,8939;0,8941
2019-05-22;0,8958;0,8969;0,8945;0,8966
2019-05-21;0,8954;0,8975;0,8942;0,8958
2019-05-20;0,8957;0,8968;0,8949;0,8954
2019-05-17;0,8949;0,8964;0,8942;0,8963
2019-05-16;0,8924;0,8955;0,891;0,8948
2019-05-15;0,8922;0,8945;0,8912;0,8923
2019-05-14;0,8908;0,8927;0,8894;0,8923
2019-05-13;0,8903;0,8911;0,8879;0,8909
2019-05-10;0,8913;0,8914;0,8887;0,8902
2019-05-09;0,8933;0,8949;0,8888;0,8913
2019-05-08;0,8934;0,8942;0,8918;0,8933
2019-05-07;0,8932;0,8955;0,8915;0,8933
2019-05-06;0,8939;0,8944;0,8921;0,8933
2019-05-03;0,895;0,8978;0,8925;0,8927
2019-05-02;0,8929;0,8952;0,8914;0,8951
2019-05-01;0,8917;0,8938;0,8877;0,8929
2019-04-30;0,8942;0,8948;0,8906;0,8917
2019-04-29;0,897;0,8973;0,8939;0,8942
2019-04-26;0,8981;0,899;0,895;0,8975
2019-04-25;0,8963;0,8992;0,8959;0,8981
2019-04-24;0,8909;0,8976;0,8909;0,8965
2019-04-23;0,8882;0,8934;0,8881;0,891
2019-04-22;0,8894;0,89;0,8879;0,8882
2019-04-19;0,8902;0,8903;0,8891;0,8895
2019-04-18;0,8852;0,8907;0,8847;0,8903
2019-04-17;0,8862;0,8865;0,8832;0,885
2019-04-16;0,8848;0,8865;0,8839;0,8861
2019-04-15;0,8847;0,8851;0,8834;0,8849
2019-04-12;0,8883;0,8884;0,8831;0,885
2019-04-11;0,8868;0,8888;0,886;0,8884
2019-04-10;0,8878;0,8904;0,8864;0,887
2019-04-09;0,888;0,8884;0,8863;0,8878
2019-04-08;0,8914;0,8917;0,887;0,888
2019-04-05;0,8911;0,8919;0,8896;0,8916
2019-04-04;0,8898;0,8924;0,8891;0,8913
2019-04-03;0,8926;0,8927;0,8887;0,8899
2019-04-02;0,8926;0,8941;0,8918;0,8925
2019-04-01;0,8906;0,8929;0,8889;0,8927
2019-03-29;0,8906;0,892;0,8893;0,8914
2019-03-28;0,8889;0,8917;0,888;0,8906
2019-03-27;0,8869;0,8894;0,8861;0,8888
2019-03-26;0,8838;0,8878;0,8829;0,8869
2019-03-25;0,8853;0,8854;0,8826;0,8837
2019-03-22;0,8791;0,887;0,8779;0,8849
2019-03-21;0,8754;0,8816;0,8743;0,879
2019-03-20;0,8808;0,8822;0,8736;0,8755
2019-03-19;0,8822;0,8823;0,8802;0,8808
2019-03-18;0,883;0,883;0,8804;0,8822
2019-03-15;0,8845;0,8848;0,8816;0,883
2019-03-14;0,8821;0,8854;0,882;0,8844
2019-03-13;0,8857;0,8866;0,882;0,8822
2019-03-12;0,8878;0,8888;0,8846;0,8858
2019-03-11;0,8905;0,891;0,8871;0,8877
2019-03-08;0,8933;0,894;0,8893;0,8901
2019-03-07;0,8844;0,8946;0,8834;0,8935
2019-03-06;0,8849;0,8858;0,8831;0,8843
2019-03-05;0,882;0,8857;0,882;0,885
2019-03-04;0,8796;0,8842;0,8795;0,882
2019-03-01;0,8795;0,8808;0,8767;0,8799
2019-02-28;0,8793;0,8801;0,8757;0,8795
2019-02-27;0,8777;0,88;0,877;0,8793
2019-02-26;0,8803;0,8814;0,8771;0,8779
2019-02-25;0,8816;0,882;0,8797;0,8803
2019-02-22;0,8821;0,8836;0,8807;0,8824
2019-02-21;0,8815;0,8832;0,8798;0,882
2019-02-20;0,8819;0,8829;0,8795;0,8814
2019-02-19;0,8842;0,8869;0,8806;0,882
2019-02-18;0,8842;0,8853;0,8823;0,8841
2019-02-15;0,8854;0,8901;0,8845;0,8856
2019-02-14;0,8884;0,8888;0,8843;0,8853
2019-02-13;0,8827;0,8889;0,8817;0,8886
2019-02-12;0,8868;0,8882;0,8819;0,8827
2019-02-11;0,8829;0,8874;0,8826;0,8867
2019-02-08;0,8817;0,8833;0,881;0,8832
2019-02-07;0,8797;0,883;0,8796;0,8816
2019-02-06;0,8768;0,8802;0,8765;0,8799
2019-02-05;0,8744;0,8771;0,8741;0,8768
2019-02-04;0,8727;0,8753;0,8726;0,8744
2019-02-01;0,8736;0,8745;0,8706;0,873
2019-01-31;0,8709;0,8744;0,8685;0,8737
2019-01-30;0,8745;0,8766;0,8696;0,871
2019-01-29;0,8751;0,8763;0,8734;0,8745
2019-01-28;0,876;0,8778;0,8739;0,875
2019-01-25;0,8848;0,8849;0,8759;0,8766
2019-01-24;0,8786;0,8858;0,8779;0,8847
2019-01-23;0,88;0,881;0,8776;0,8787
2019-01-22;0,8795;0,8821;0,8793;0,8801
2019-01-21;0,879;0,8805;0,8779;0,8795
2019-01-18;0,878;0,8807;0,8764;0,88
2019-01-17;0,8774;0,8794;0,8768;0,8781
2019-01-16;0,8764;0,8788;0,8755;0,8775
2019-01-15;0,872;0,8785;0,8704;0,8769
2019-01-14;0,8714;0,8733;0,871;0,8719
2019-01-11;0,8696;0,8727;0,8668;0,8718
2019-01-10;0,8658;0,8706;0,8643;0,8697
2019-01-09;0,874;0,874;0,8656;0,8661
2019-01-08;0,8713;0,8754;0,8707;0,8742
2019-01-07;0,8757;0,8763;0,871;0,8714
2019-01-04;0,8777;0,8813;0,8758;0,8773
2019-01-03;0,882;0,884;0,8764;0,8777
2019-01-02;0,8728;0,8834;0,8699;0,8826
2018-12-31;0,8743;0,8755;0,8722;0,8737
2018-12-28;0,8749;0,8749;0,8717;0,8739
2018-12-27;0,8806;0,8806;0,8731;0,875
2018-12-26;0,8772;0,8815;0,8761;0,8806
2018-12-24;0,8787;0,8791;0,8743;0,8771
2018-12-21;0,8734;0,8806;0,8716;0,8794
2018-12-20;0,8786;0,8789;0,8707;0,8733
2018-12-19;0,8795;0,8798;0,8742;0,8788
2018-12-18;0,8812;0,882;0,8771;0,8796
2018-12-17;0,8844;0,8845;0,8805;0,8812
2018-12-14;0,8804;0,8873;0,88;0,8846
2018-12-13;0,8793;0,8825;0,8779;0,8804
2018-12-12;0,8834;0,8838;0,8782;0,8794
2018-12-11;0,8809;0,8844;0,8772;0,8834
2018-12-10;0,8743;0,881;0,874;0,8808
2018-12-07;0,879;0,8802;0,8755;0,8776
2018-12-06;0,8812;0,8832;0,8763;0,879
2018-12-05;0,8815;0,8836;0,8803;0,8813
2018-12-04;0,8807;0,8831;0,8759;0,8817
2018-12-03;0,8819;0,8833;0,8788;0,8809
2018-11-30;0,8781;0,8845;0,8772;0,8834
2018-11-29;0,8796;0,8811;0,8771;0,8782
2018-11-28;0,8854;0,8875;0,8782;0,8796
2018-11-27;0,8825;0,8867;0,8816;0,8854
2018-11-26;0,8825;0,883;0,8785;0,8826
2018-11-23;0,8769;0,8828;0,8757;0,882
2018-11-22;0,8783;0,8784;0,8747;0,8767
2018-11-21;0,8797;0,8798;0,8755;0,8785
2018-11-20;0,8731;0,8803;0,8717;0,8797
2018-11-19;0,8763;0,8776;0,8724;0,8731
2018-11-16;0,8831;0,8832;0,8757;0,8759
2018-11-15;0,8838;0,8867;0,8804;0,8826
2018-11-14;0,885;0,8878;0,8815;0,884
2018-11-13;0,8912;0,8912;0,8855;0,8855
2018-11-12;0,883;0,8915;0,8826;0,8911
2018-11-09;0,8798;0,8835;0,8796;0,8822
2018-11-08;0,875;0,8807;0,8739;0,8799
2018-11-07;0,8757;0,8774;0,8697;0,8748
2018-11-06;0,8765;0,8778;0,8744;0,8757
2018-11-05;0,8781;0,8804;0,8754;0,8763
2018-11-02;0,8769;0,8792;0,8729;0,8781
2018-11-01;0,8836;0,8839;0,8754;0,8768
2018-10-31;0,8816;0,8848;0,8803;0,8837
2018-10-30;0,8792;0,8817;0,8783;0,8816
2018-10-29;0,8779;0,88;0,876;0,8793
2018-10-26;0,8793;0,8821;0,8758;0,8769
2018-10-25;0,8774;0,8806;0,8748;0,8793
2018-10-24;0,8718;0,8786;0,8715;0,8774
2018-10-23;0,8722;0,8741;0,8702;0,8716
2018-10-22;0,8693;0,8729;0,8658;0,8722
2018-10-19;0,873;0,8746;0,8671;0,8685
2018-10-18;0,8695;0,8733;0,8676;0,8729
2018-10-17;0,864;0,8698;0,8636;0,8695
2018-10-16;0,8634;0,8646;0,8606;0,8641
2018-10-15;0,8658;0,8663;0,8617;0,8634
2018-10-12;0,8627;0,8668;0,8614;0,8651
2018-10-11;0,8674;0,8674;0,8622;0,8627
2018-10-10;0,87;0,8711;0,8662;0,8676
2018-10-09;0,8702;0,8747;0,8694;0,8701
2018-10-08;0,8681;0,8726;0,868;0,8702
2018-10-05;0,8686;0,8705;0,8664;0,8681
2018-10-04;0,8709;0,8723;0,8669;0,8686
2018-10-03;0,866;0,8717;0,8626;0,8709
2018-10-02;0,8638;0,8691;0,8636;0,866
2018-10-01;0,8616;0,8647;0,8604;0,8638
2018-09-28;0,8591;0,8643;0,8583;0,8618
2018-09-27;0,8515;0,8592;0,8506;0,8591
2018-09-26;0,85;0,8528;0,8477;0,8516
2018-09-25;0,8512;0,8524;0,848;0,8499
2018-09-24;0,8513;0,8529;0,8465;0,8511
2018-09-21;0,849;0,8523;0,8473;0,8512
2018-09-20;0,8566;0,8569;0,8486;0,8492
2018-09-19;0,8568;0,8583;0,8537;0,8567
2018-09-18;0,8558;0,8582;0,8531;0,8569
2018-09-17;0,8598;0,8604;0,8549;0,8558
2018-09-14;0,8554;0,8605;0,8532;0,8604
2018-09-13;0,8598;0,8613;0,8546;0,8555
2018-09-12;0,862;0,8642;0,8585;0,8599
2018-09-11;0,8624;0,8646;0,8589;0,862
2018-09-10;0,8647;0,8675;0,8612;0,8623
2018-09-07;0,8603;0,8657;0,8584;0,8656
2018-09-06;0,8596;0,8616;0,8579;0,8603
2018-09-05;0,8634;0,8662;0,8596;0,8597
2018-09-04;0,8608;0,8671;0,8608;0,8635
2018-09-03;0,8623;0,8628;0,86;0,861
2018-08-31;0,8571;0,8632;0,8555;0,8619
2018-08-30;0,8541;0,8589;0,8534;0,8571
2018-08-29;0,8553;0,8581;0,854;0,8541
2018-08-28;0,8562;0,8574;0,8523;0,8552
2018-08-27;0,8594;0,8625;0,8552;0,8563
2018-08-24;0,8663;0,8669;0,8594;0,8605
2018-08-23;0,8621;0,8671;0,8621;0,8662
2018-08-22;0,8641;0,8655;0,8604;0,8624
2018-08-21;0,8703;0,8707;0,8621;0,8642
2018-08-20;0,8747;0,8775;0,8703;0,8705
2018-08-17;0,8792;0,8798;0,8738;0,8742
2018-08-16;0,8814;0,882;0,8766;0,8792
2018-08-15;0,8814;0,8848;0,8807;0,8813
2018-08-14;0,8769;0,8826;0,875;0,8814
2018-08-13;0,8785;0,8798;0,8748;0,8769
2018-08-10;0,8674;0,8781;0,8668;0,8762
2018-08-09;0,8612;0,8676;0,8606;0,8675
2018-08-08;0,8622;0,864;0,86;0,8611
2018-08-07;0,8655;0,8657;0,8615;0,8622
2018-08-06;0,8649;0,8672;0,8644;0,8656
2018-08-03;0,8631;0,8649;0,8614;0,8644
2018-08-02;0,8575;0,8633;0,8571;0,8631
2018-08-01;0,8555;0,8577;0,8548;0,8576
2018-07-31;0,8542;0,8557;0,8514;0,8557
2018-07-30;0,8577;0,8585;0,8533;0,8543
2018-07-27;0,8591;0,8604;0,8574;0,858
2018-07-26;0,8529;0,8592;0,8516;0,8591
2018-07-25;0,856;0,8572;0,8521;0,8527
2018-07-24;0,8553;0,8579;0,8535;0,8559
2018-07-23;0,8515;0,8558;0,8511;0,8555
2018-07-20;0,8587;0,86;0,852;0,8531
2018-07-19;0,8588;0,8639;0,8567;0,8588
2018-07-18;0,8576;0,8615;0,8573;0,8588
2018-07-17;0,8538;0,8582;0,8516;0,8576
2018-07-16;0,8559;0,8562;0,8529;0,8539
2018-07-13;0,857;0,8611;0,8557;0,8558
2018-07-12;0,8566;0,8584;0,855;0,857
2018-07-11;0,8518;0,8571;0,8505;0,8566
2018-07-10;0,851;0,8553;0,8502;0,8519
2018-07-09;0,8506;0,8523;0,8482;0,8512
2018-07-06;0,8555;0,8562;0,8499;0,8515
2018-07-05;0,8578;0,8583;0,8533;0,8554
2018-07-04;0,8578;0,8597;0,8562;0,8578
2018-07-03;0,8594;0,8605;0,8567;0,8578
2018-07-02;0,8572;0,8627;0,857;0,8594
2018-06-29;0,8649;0,8651;0,8555;0,8559
2018-06-28;0,8652;0,8674;0,8622;0,8649
2018-06-27;0,8585;0,8664;0,8568;0,865
2018-06-26;0,8545;0,8594;0,8533;0,8585
2018-06-25;0,8579;0,8599;0,8538;0,8546
2018-06-22;0,8616;0,862;0,8566;0,8578
2018-06-21;0,864;0,8685;0,8598;0,8615
2018-06-20;0,8632;0,8663;0,8621;0,8641
2018-06-19;0,8605;0,8671;0,8589;0,8632
2018-06-18;0,8637;0,8646;0,8603;0,8604
2018-06-15;0,8639;0,8663;0,8601;0,8615
2018-06-14;0,8479;0,8647;0,8445;0,864
2018-06-13;0,8514;0,8524;0,8475;0,848
2018-06-12;0,8487;0,8521;0,8468;0,8514
2018-06-11;0,8476;0,8491;0,846;0,8487
2018-06-08;0,8476;0,8526;0,8467;0,8497
2018-06-07;0,8491;0,8493;0,8446;0,8476
2018-06-06;0,8534;0,8537;0,8478;0,8491
2018-06-05;0,8549;0,858;0,8525;0,8534
2018-06-04;0,8565;0,8567;0,8515;0,8548
2018-06-01;0,8553;0,8599;0,8535;0,8577
2018-05-31;0,8571;0,8587;0,853;0,8553
2018-05-30;0,8664;0,8681;0,8569;0,8572
2018-05-29;0,8603;0,8685;0,8592;0,8663
2018-05-28;0,8548;0,8615;0,8527;0,8603
2018-05-25;0,8532;0,8586;0,8523;0,8584
2018-05-24;0,8545;0,8553;0,8511;0,8531
2018-05-23;0,8491;0,8563;0,8482;0,8545
2018-05-22;0,848;0,8504;0,8454;0,849
2018-05-21;0,8512;0,8534;0,8478;0,8479
2018-05-18;0,8478;0,851;0,846;0,8495
2018-05-17;0,8462;0,849;0,8462;0,8477
2018-05-16;0,8444;0,85;0,8442;0,8477
2018-05-14;0,8358;0,8387;0,8337;0,8386
2018-05-11;0,8392;0,8409;0,8356;0,8374
2018-05-10;0,8437;0,8443;0,8372;0,8392
2018-05-09;0,843;0,8458;0,8407;0,8438
2018-05-08;0,8387;0,8446;0,8376;0,8429
2018-05-07;0,8354;0,8404;0,8349;0,8388
2018-05-04;0,8342;0,8394;0,8336;0,836
2018-05-03;0,8365;0,837;0,8328;0,8342
2018-05-02;0,8339;0,8376;0,8312;0,8364
2018-05-01;0,828;0,8344;0,8276;0,8339
2018-04-30;0,8245;0,8288;0,8238;0,8281
2018-04-27;0,8261;0,8294;0,8242;0,8245
2018-04-26;0,8222;0,8267;0,8192;0,8261
2018-04-25;0,8175;0,8224;0,8171;0,8222
2018-04-24;0,8191;0,8208;0,8167;0,8175
2018-04-23;0,8149;0,8197;0,8137;0,8191
2018-04-20;0,81;0,8156;0,8096;0,8138
2018-04-19;0,8079;0,8109;0,8065;0,81
2018-04-18;0,8081;0,81;0,8067;0,8079
2018-04-17;0,8077;0,8105;0,8056;0,8082
2018-04-16;0,8104;0,8113;0,807;0,8077
2018-04-13;0,8113;0,8124;0,81;0,8109
2018-04-12;0,8086;0,813;0,8078;0,8113
2018-04-11;0,8094;0,8099;0,8069;0,8086
2018-04-10;0,8115;0,8128;0,808;0,8095
2018-04-09;0,8147;0,8155;0,8111;0,8116
2018-04-06;0,817;0,8186;0,8136;0,8143
2018-04-05;0,8142;0,8184;0,8137;0,8171
2018-04-04;0,815;0,8158;0,8123;0,8142
2018-04-03;0,813;0,816;0,8107;0,8151
2018-04-02;0,8115;0,8141;0,8102;0,8129
2018-03-30;0,8129;0,8131;0,811;0,8115
2018-03-29;0,8123;0,8141;0,8107;0,8129
2018-03-28;0,806;0,813;0,8051;0,8124
2018-03-27;0,8034;0,8082;0,8017;0,8062
2018-03-26;0,8085;0,8091;0,8025;0,8033
2018-03-23;0,8117;0,8119;0,8082;0,8095
2018-03-22;0,8102;0,8138;0,8074;0,8117
2018-03-21;0,8167;0,8167;0,8098;0,8103
2018-03-20;0,8107;0,8169;0,8095;0,8166
2018-03-19;0,8151;0,8157;0,8093;0,8107
2018-03-16;0,8126;0,8155;0,8107;0,8137
2018-03-15;0,8085;0,8129;0,8075;0,8126
2018-03-14;0,8068;0,8099;0,8057;0,8086
2018-03-13;0,8108;0,812;0,806;0,8069
2018-03-12;0,8113;0,8136;0,8101;0,8108
2018-03-09;0,8126;0,8126;0,8126;0,8126
2018-03-08;0,8057;0,8131;0,8038;0,8126
2018-03-07;0,8051;0,8074;0,8036;0,8058
2018-03-06;0,8107;0,811;0,805;0,805
2018-03-05;0,8111;0,8148;0,8098;0,8108
2018-03-02;0,815;0,8162;0,8107;0,8118
2018-03-01;0,8201;0,8227;0,8147;0,8147
2018-02-28;0,8174;0,8204;0,817;0,8201
2018-02-27;0,8121;0,8182;0,8101;0,8174
2018-02-26;0,8131;0,8142;0,8095;0,8121
2018-02-23;0,8106;0,8143;0,8106;0,8133
2018-02-22;0,8144;0,8156;0,8097;0,8111
2018-02-21;0,8106;0,8145;0,8101;0,8145
2018-02-20;0,806;0,8116;0,8057;0,8106
2018-02-19;0,8042;0,8084;0,8042;0,8058
2018-02-16;0,7999;0,8067;0,7965;0,8057
2018-02-15;0,8031;0,8033;0,7995;0,7999
2018-02-14;0,8098;0,8144;0,8023;0,8029
2018-02-13;0,8135;0,814;0,8084;0,8098
2018-02-12;0,8149;0,8172;0,8132;0,8136
2018-02-09;0,8164;0,8192;0,814;0,8162
2018-02-08;0,816;0,8187;0,8134;0,8163
2018-02-07;0,8078;0,8165;0,8062;0,816
2018-02-06;0,8081;0,812;0,8048;0,8079
2018-02-05;0,8029;0,8087;0,8016;0,8077
2018-02-02;0,7995;0,8058;0,7989;0,8027
2018-02-01;0,8056;0,8073;0,7987;0,7998
2018-01-31;0,8063;0,8067;0,8017;0,8057
2018-01-30;0,8075;0,8107;0,8031;0,8062
2018-01-29;0,8066;0,8104;0,8047;0,8078
2018-01-26;0,8079;0,808;0,8005;0,8045
2018-01-25;0,8062;0,8085;0,798;0,8077
2018-01-24;0,8132;0,8134;0,8055;0,8062
2018-01-23;0,8158;0,8181;0,8127;0,8132
2018-01-22;0,8177;0,8186;0,8154;0,8157
2018-01-19;0,8169;0,8186;0,8134;0,818
2018-01-18;0,8217;0,8218;0,8154;0,8169
2018-01-17;0,8159;0,8217;0,8119;0,8217
2018-01-16;0,8153;0,8199;0,8143;0,8155
2018-01-15;0,8198;0,8201;0,8135;0,8152
2018-01-12;0,8309;0,8311;0,819;0,8193
2018-01-11;0,8368;0,8382;0,8293;0,8306
2018-01-10;0,8379;0,8386;0,8322;0,8369
2018-01-09;0,8356;0,8391;0,8351;0,8377
2018-01-08;0,8303;0,8363;0,8301;0,8355
2018-01-05;0,8284;0,8319;0,8277;0,8312
2018-01-04;0,8326;0,833;0,8273;0,8285
2018-01-03;0,8294;0,833;0,8288;0,8324
2018-01-02;0,8324;0,8329;0,8279;0,8294
2018-01-01;0,8328;0,833;0,8322;0,8324
2017-12-29;0,8375;0,8377;0,8316;0,8328
2017-12-28;0,8402;0,8406;0,8362;0,8377
2017-12-27;0,8434;0,8435;0,8396;0,8406
2017-12-26;0,8424;0,8441;0,8421;0,8433
2017-12-25;0,843;0,843;0,843;0,843
2017-12-22;0,8427;0,8458;0,8426;0,843
2017-12-21;0,8423;0,8438;0,8411;0,8427
2017-12-20;0,8445;0,8454;0,8403;0,8422
2017-12-19;0,8487;0,8491;0,844;0,8445
2017-12-18;0,8506;0,8506;0,8451;0,8487
2017-12-15;0,8497;0,8511;0,8467;0,851
2017-12-14;0,8456;0,8499;0,8433;0,8499
2017-12-13;0,852;0,8524;0,8452;0,8457
2017-12-12;0,8494;0,8534;0,8481;0,852
2017-12-11;0,8491;0,85;0,8467;0,8494
2017-12-08;0,8492;0,8524;0,8491;0,8494
2017-12-07;0,8471;0,8494;0,8468;0,8492
2017-12-06;0,8454;0,8488;0,844;0,8472
2017-12-05;0,8426;0,8474;0,842;0,8454
2017-12-04;0,8422;0,8452;0,842;0,8427
2017-12-01;0,8409;0,8437;0,8376;0,8405
2017-11-30;0,8438;0,8466;0,8382;0,8411
2017-11-29;0,8441;0,8461;0,8416;0,8438
2017-11-28;0,8404;0,8454;0,839;0,8441
2017-11-27;0,8389;0,8408;0,8361;0,8403
2017-11-24;0,8439;0,8448;0,8373;0,8384
2017-11-23;0,8461;0,8465;0,8436;0,8439
2017-11-22;0,8522;0,8522;0,8458;0,8462
2017-11-21;0,8522;0,8537;0,8507;0,8523
2017-11-20;0,8514;0,8528;0,847;0,8523
2017-11-17;0,8496;0,8499;0,846;0,8481
2017-11-16;0,8496;0,8504;0,8474;0,8496
2017-11-15;0,8476;0,8496;0,8433;0,8494
2017-11-14;0,8572;0,8575;0,8471;0,8476
2017-11-13;0,8584;0,8592;0,8565;0,8573
2017-11-10;0,8589;0,8603;0,8565;0,8573
2017-11-09;0,8625;0,8631;0,8581;0,859
2017-11-08;0,8626;0,8631;0,8614;0,8626
2017-11-07;0,8613;0,8653;0,861;0,8628
2017-11-06;0,8613;0,8634;0,8605;0,8612
2017-11-03;0,8578;0,8621;0,8557;0,8614
2017-11-02;0,8607;0,8608;0,8557;0,8578
2017-11-01;0,8584;0,8615;0,8579;0,8608
2017-10-31;0,8589;0,8602;0,8578;0,8583
2017-10-30;0,8613;0,8619;0,8578;0,8588
2017-10-27;0,8582;0,8639;0,858;0,8614
2017-10-26;0,8464;0,8589;0,845;0,8581
2017-10-25;0,8501;0,8508;0,8463;0,8464
2017-10-24;0,8511;0,8515;0,8482;0,8501
2017-10-23;0,8504;0,8527;0,8491;0,8512
2017-10-20;0,844;0,85;0,8436;0,8489
2017-10-19;0,848;0,8495;0,8434;0,8441
2017-10-18;0,8499;0,8523;0,8471;0,848
2017-10-17;0,8477;0,852;0,8477;0,8498
2017-10-16;0,8465;0,8488;0,8462;0,8475
2017-10-13;0,8453;0,847;0,8422;0,8459
2017-10-12;0,8431;0,8455;0,8418;0,8452
2017-10-11;0,8468;0,8478;0,8425;0,8431
2017-10-10;0,8517;0,8518;0,8457;0,8468
2017-10-09;0,852;0,8532;0,8507;0,8518
2017-10-06;0,8539;0,8567;0,852;0,8521
2017-10-05;0,8506;0,8547;0,849;0,8537
2017-10-04;0,852;0,852;0,8484;0,8505
2017-10-03;0,8522;0,8548;0,8495;0,852
2017-10-02;0,8483;0,8525;0,8481;0,8523
2017-09-29;0,8486;0,8494;0,8453;0,8464
2017-09-28;0,8515;0,8531;0,8473;0,8487
2017-09-27;0,8481;0,8534;0,8479;0,8515
2017-09-26;0,8441;0,8505;0,8431;0,848
2017-09-25;0,8383;0,845;0,8378;0,8441
2017-09-22;0,8375;0,8377;0,8333;0,8365
2017-09-21;0,8407;0,8427;0,8367;0,8376
2017-09-20;0,8337;0,8429;0,832;0,8415
2017-09-19;0,8366;0,8366;0,833;0,8337
2017-09-18;0,8372;0,8392;0,8355;0,8366
2017-09-15;0,8393;0,8401;0,8344;0,8373
2017-09-14;0,8412;0,8445;0,8389;0,8392
2017-09-13;0,8357;0,8422;0,8338;0,8411
2017-09-12;0,8364;0,8384;0,8349;0,8357
2017-09-11;0,8325;0,837;0,8313;0,8366
2017-09-08;0,832;0,8322;0,8271;0,8307
2017-09-07;0,8388;0,8393;0,8296;0,832
2017-09-06;0,8393;0,8401;0,8369;0,8388
2017-09-05;0,8405;0,8424;0,8377;0,8394
2017-09-04;0,8417;0,8419;0,8388;0,8405
2017-09-01;0,839;0,8438;0,8348;0,843
2017-08-31;0,8407;0,8457;0,8391;0,8391
2017-08-30;0,8354;0,8417;0,8345;0,8408
2017-08-29;0,8349;0,8366;0,8286;0,8358
2017-08-28;0,8382;0,8391;0,8345;0,8348
2017-08-25;0,8474;0,8493;0,8378;0,8388
2017-08-24;0,8468;0,8486;0,8462;0,8475
2017-08-23;0,85;0,8516;0,8458;0,8467
2017-08-22;0,8465;0,8514;0,8458;0,85
2017-08-21;0,8509;0,8523;0,8455;0,8465
2017-08-18;0,8528;0,8541;0,8495;0,8514
2017-08-17;0,8496;0,857;0,8482;0,8529
2017-08-16;0,8521;0,8559;0,8491;0,8495
2017-08-15;0,8492;0,8556;0,8481;0,8521
2017-08-14;0,8461;0,8496;0,8448;0,8492
2017-08-11;0,8496;0,8511;0,8445;0,8459
2017-08-10;0,8504;0,8544;0,8486;0,8496
2017-08-09;0,8511;0,8553;0,8501;0,8503
2017-08-08;0,8477;0,8534;0,8458;0,8512
2017-08-07;0,8484;0,849;0,8465;0,8478
2017-08-04;0,8423;0,8521;0,8412;0,8493
2017-08-03;0,8435;0,8452;0,8409;0,8423
2017-08-02;0,847;0,8479;0,8403;0,8435
2017-08-01;0,8449;0,8482;0,8448;0,8471
2017-07-31;0,8516;0,853;0,8442;0,8448
2017-07-28;0,8563;0,8567;0,8501;0,8513
2017-07-27;0,8515;0,8583;0,8493;0,8564
2017-07-26;0,8586;0,8611;0,8513;0,8513
2017-07-25;0,8593;0,8597;0,8542;0,8586
2017-07-24;0,8568;0,8598;0,8565;0,8592
2017-07-21;0,8596;0,8606;0,8561;0,8573
2017-07-20;0,8682;0,8711;0,8582;0,8596
2017-07-19;0,8655;0,8686;0,8654;0,8683
2017-07-18;0,8712;0,8717;0,8633;0,8654
2017-07-17;0,8722;0,8745;0,8706;0,8713
2017-07-14;0,8772;0,8778;0,8717;0,8721
2017-07-13;0,8763;0,8794;0,8731;0,8773
2017-07-12;0,8722;0,8776;0,8704;0,8761
2017-07-11;0,8774;0,8785;0,8711;0,8723
2017-07-10;0,8771;0,8785;0,8759;0,8774
2017-07-07;0,8755;0,8787;0,8742;0,8771
2017-07-06;0,881;0,8826;0,8753;0,8756
2017-07-05;0,8812;0,8838;0,8796;0,881
2017-07-04;0,8799;0,882;0,879;0,8813
2017-07-03;0,8759;0,8806;0,8757;0,8801
2017-06-30;0,8741;0,8777;0,8737;0,8757
2017-06-29;0,879;0,8791;0,8737;0,874
2017-06-28;0,8821;0,8855;0,878;0,8789
2017-06-27;0,8943;0,8945;0,8811;0,8822
2017-06-26;0,8932;0,8951;0,8914;0,8943
2017-06-23;0,8968;0,8972;0,8922;0,8934
2017-06-22;0,8954;0,8976;0,8946;0,8967
2017-06-21;0,8983;0,8986;0,8953;0,8954
2017-06-20;0,8969;0,8993;0,8957;0,8981
2017-06-19;0,8936;0,8973;0,8919;0,8969
2017-06-16;0,897;0,8978;0,8929;0,8932
2017-06-15;0,8915;0,8983;0,8906;0,8971
2017-06-14;0,8921;0,8933;0,8854;0,8915
2017-06-13;0,8925;0,894;0,891;0,8921
2017-06-12;0,8924;0,8933;0,8903;0,8924
2017-06-09;0,8924;0,8955;0,8918;0,8932
2017-06-08;0,8882;0,8931;0,8874;0,8925
2017-06-07;0,8866;0,8925;0,8864;0,888
2017-06-06;0,8886;0,8896;0,8863;0,8867
2017-06-05;0,8871;0,89;0,8867;0,8884
2017-06-02;0,8917;0,8924;0,8862;0,8864
2017-06-01;0,8896;0,8926;0,8885;0,8918
2017-05-31;0,8944;0,8957;0,8888;0,8895
2017-05-30;0,8966;0,9001;0,8928;0,8944
2017-05-29;0,8951;0,8959;0,8937;0,8959
2017-05-26;0,892;0,8958;0,8904;0,8945
2017-05-25;0,8916;0,8932;0,889;0,892
2017-05-24;0,8941;0,8953;0,8913;0,8916
2017-05-23;0,8899;0,8948;0,8876;0,8942
2017-05-22;0,8938;0,8959;0,8879;0,8897
2017-05-19;0,9007;0,9009;0,8919;0,8922
2017-05-18;0,8956;0,9027;0,8951;0,9009
2017-05-17;0,9022;0,9024;0,8953;0,8955
2017-05-16;0,9109;0,911;0,9012;0,9021
2017-05-15;0,9154;0,9155;0,91;0,911
2017-05-12;0,9206;0,9211;0,9146;0,9147
2017-05-11;0,9202;0,9225;0,9182;0,9205
2017-05-10;0,9193;0,9214;0,9176;0,9202
2017-05-09;0,9155;0,9205;0,9146;0,9193
2017-05-08;0,9119;0,916;0,9096;0,9156
2017-05-05;0,9107;0,9129;0,9091;0,9091
2017-05-04;0,9186;0,9195;0,9102;0,9108
2017-05-03;0,915;0,9189;0,9143;0,9188
2017-05-02;0,9173;0,9182;0,9147;0,9151
2017-05-01;0,9174;0,9187;0,9154;0,9175
2017-04-28;0,9198;0,921;0,9135;0,9175
2017-04-27;0,9171;0,9214;0,9149;0,9198
2017-04-26;0,915;0,9208;0,9133;0,9171
2017-04-25;0,9203;0,9215;0,9133;0,915
2017-04-24;0,9216;0,9241;0,9194;0,9203
2017-04-21;0,9336;0,9361;0,9315;0,9324
2017-04-20;0,9337;0,9337;0,9279;0,9332
2017-04-19;0,932;0,9345;0,9315;0,9336
2017-04-18;0,9394;0,9401;0,9315;0,932
2017-04-17;0,9416;0,942;0,9372;0,9392
2017-04-14;0,942;0,9428;0,9408;0,9426
2017-04-13;0,9377;0,9424;0,9367;0,9419
2017-04-12;0,943;0,9444;0,9368;0,9369
2017-04-11;0,9439;0,9452;0,9408;0,9429
2017-04-10;0,9453;0,946;0,9428;0,9437
2017-04-07;0,9397;0,9451;0,938;0,9442
2017-04-06;0,9374;0,9406;0,936;0,9397
2017-04-05;0,9363;0,9401;0,9355;0,9374
2017-04-04;0,9373;0,9402;0,9366;0,9367
2017-04-03;0,937;0,9395;0,9362;0,9373
2017-03-31;0,9362;0,9388;0,9346;0,9382
2017-03-30;0,9287;0,937;0,9286;0,9364
2017-03-29;0,9248;0,931;0,9237;0,9288
2017-03-28;0,9205;0,926;0,9197;0,9248
2017-03-27;0,922;0,9225;0,9171;0,9204
2017-03-24;0,9274;0,9293;0,9244;0,9261
2017-03-23;0,9265;0,9285;0,9257;0,9274
2017-03-22;0,9247;0,928;0,9241;0,9263
2017-03-21;0,9317;0,9327;0,9243;0,9249
2017-03-20;0,9296;0,9324;0,9279;0,9315
2017-03-17;0,9283;0,932;0,9275;0,9312
2017-03-16;0,9316;0,934;0,9282;0,9283
2017-03-15;0,9426;0,9426;0,9312;0,9318
2017-03-14;0,9388;0,9433;0,9379;0,9427
2017-03-13;0,9359;0,9388;0,9333;0,9387
2017-03-10;0,9456;0,9458;0,9347;0,9368
2017-03-09;0,9487;0,95;0,9422;0,9457
2017-03-08;0,9466;0,9491;0,9458;0,9486
2017-03-07;0,9451;0,947;0,9433;0,9466
2017-03-06;0,9428;0,9456;0,94;0,9453
2017-03-03;0,9519;0,9521;0,9413;0,9414
2017-03-02;0,9479;0,9527;0,9479;0,9515
2017-03-01;0,9459;0,9507;0,9446;0,9478
2017-02-28;0,9446;0,946;0,941;0,9459
2017-02-27;0,9459;0,9468;0,9408;0,9445
2017-02-24;0,9452;0,9472;0,9419;0,9468
2017-02-23;0,9474;0,9489;0,9439;0,945
2017-02-22;0,9492;0,9528;0,9458;0,9473
2017-02-21;0,9423;0,95;0,9421;0,9491
2017-02-20;0,9425;0,9429;0,9408;0,9423
2017-02-17;0,9371;0,9428;0,9367;0,9424
2017-02-16;0,9437;0,9438;0,9365;0,9372
2017-02-15;0,9454;0,9502;0,9426;0,9438
2017-02-14;0,9438;0,9469;0,9406;0,9454
2017-02-13;0,9416;0,9441;0,9384;0,9438
2017-02-10;0,9385;0,9424;0,9374;0,9398
2017-02-09;0,9349;0,9388;0,9338;0,9386
2017-02-08;0,9363;0,9397;0,9337;0,9347
2017-02-07;0,9304;0,9384;0,9303;0,9362
2017-02-06;0,9275;0,934;0,9273;0,9306
2017-02-03;0,9292;0,9322;0,9262;0,927
2017-02-02;0,9287;0,9297;0,9235;0,9291
2017-02-01;0,9262;0,9312;0,9254;0,9289
2017-01-31;0,9342;0,9358;0,9251;0,9265
2017-01-30;0,9314;0,9415;0,9313;0,9346
2017-01-27;0,9363;0,9381;0,9327;0,935
2017-01-26;0,9304;0,9383;0,9289;0,9364
2017-01-25;0,9318;0,9335;0,9286;0,9305
2017-01-24;0,9284;0,9327;0,9284;0,932
2017-01-23;0,9309;0,9338;0,9286;0,9288
2017-01-20;0,9381;0,9412;0,9338;0,9343
2017-01-19;0,9405;0,9443;0,9367;0,938
2017-01-18;0,9336;0,9408;0,9335;0,9406
2017-01-17;0,9434;0,9435;0,933;0,9336
2017-01-16;0,9416;0,9451;0,9408;0,9435
2017-01-13;0,9422;0,9436;0,9377;0,9394
2017-01-12;0,9448;0,9459;0,936;0,9423
2017-01-11;0,9474;0,9564;0,9417;0,9449
2017-01-10;0,9448;0,9477;0,9413;0,9474
2017-01-09;0,9486;0,9514;0,9444;0,9448
2017-01-06;0,9431;0,9501;0,9424;0,9493
2017-01-05;0,9533;0,9539;0,9422;0,9431
2017-01-04;0,9606;0,9624;0,9528;0,9533
2017-01-03;0,9552;0,9667;0,9533;0,9609
2017-01-02;0,9503;0,9568;0,9503;0,9553
2016-12-30;0,953;0,9537;0,9385;0,9503
2016-12-29;0,9599;0,9602;0,953;0,9531
2016-12-28;0,9561;0,9641;0,9543;0,96
2016-12-27;0,9565;0,9584;0,9557;0,9562
2016-12-26;0,9568;0,9576;0,9555;0,9563
2016-12-23;0,9583;0,9591;0,9555;0,9565
2016-12-22;0,959;0,9592;0,9525;0,9581
2016-12-21;0,9624;0,9631;0,9569;0,9589
2016-12-20;0,9613;0,9659;0,9599;0,9622
2016-12-19;0,956;0,9621;0,9543;0,9616
2016-12-16;0,9597;0,9614;0,9552;0,9565
2016-12-15;0,95;0,9646;0,95;0,9598
2016-12-14;0,9411;0,9524;0,9374;0,9494
2016-12-13;0,9397;0,943;0,9376;0,9411
2016-12-12;0,9473;0,9478;0,939;0,9397
2016-12-09;0,9422;0,9494;0,9408;0,9471
2016-12-08;0,9296;0,9435;0,9198;0,9427
2016-12-07;0,9328;0,9335;0,9288;0,9297
2016-12-06;0,9291;0,9346;0,9272;0,933
2016-12-05;0,9469;0,9489;0,9264;0,9293
2016-12-02;0,938;0,941;0,9355;0,9378
2016-12-01;0,9439;0,9446;0,9375;0,9381
2016-11-30;0,9391;0,9471;0,9376;0,9437
2016-11-29;0,9425;0,9463;0,9386;0,9391
2016-11-28;0,9391;0,9465;0,9363;0,9423
2016-11-25;0,9473;0,9488;0,941;0,9439
2016-11-24;0,948;0,9504;0,9448;0,9472
2016-11-23;0,941;0,9499;0,9395;0,9477
2016-11-22;0,9409;0,9447;0,9383;0,9411
2016-11-21;0,9429;0,9444;0,9391;0,9405
2016-11-18;0,9412;0,946;0,9398;0,9445
2016-11-17;0,9345;0,9415;0,9308;0,941
2016-11-16;0,9325;0,9374;0,9295;0,9348
2016-11-15;0,9308;0,9333;0,9246;0,9327
2016-11-14;0,9262;0,9337;0,9252;0,9308
2016-11-11;0,9189;0,9233;0,9156;0,921
2016-11-10;0,9157;0,9204;0,9134;0,9185
2016-11-09;0,908;0,9168;0,885;0,9157
2016-11-08;0,9055;0,9083;0,9037;0,908
2016-11-07;0,9012;0,9067;0,9011;0,9055
2016-11-04;0,9004;0,9024;0,8976;0,8976
2016-11-03;0,901;0,9041;0,8989;0,9005
2016-11-02;0,9045;0,905;0,899;0,901
2016-11-01;0,9114;0,9124;0,9035;0,9044
2016-10-31;0,9116;0,9142;0,9105;0,9114
2016-10-28;0,9176;0,918;0,9098;0,9103
2016-10-27;0,9168;0,9188;0,914;0,9176
2016-10-26;0,9185;0,9195;0,9137;0,9168
2016-10-25;0,9196;0,9215;0,9171;0,9184
2016-10-24;0,9195;0,9208;0,9175;0,9197
2016-10-21;0,9153;0,9208;0,9149;0,9187
2016-10-20;0,9112;0,916;0,9066;0,9152
2016-10-19;0,911;0,9128;0,9087;0,9113
2016-10-18;0,9091;0,9114;0,907;0,9109
2016-10-17;0,9117;0,9118;0,9085;0,9091
2016-10-14;0,9047;0,9115;0,9044;0,9114
2016-10-13;0,9085;0,9101;0,9043;0,9046
2016-10-12;0,9046;0,9087;0,9035;0,9085
2016-10-11;0,8978;0,905;0,8975;0,9048
2016-10-10;0,893;0,8983;0,8929;0,8978
2016-10-07;0,8971;0,9005;0,8927;0,8928
2016-10-06;0,8923;0,8977;0,8919;0,8972
2016-10-05;0,8925;0,8936;0,8903;0,8924
2016-10-04;0,8919;0,8977;0,8899;0,8924
2016-10-03;0,8904;0,8924;0,8896;0,8919
2016-09-30;0,8913;0,8965;0,8891;0,8898
2016-09-29;0,8916;0,893;0,889;0,8912
2016-09-28;0,8914;0,8943;0,89;0,8915
2016-09-27;0,8887;0,8935;0,8882;0,8914
2016-09-26;0,8903;0,8911;0,8868;0,8887
2016-09-23;0,8922;0,8933;0,8897;0,8908
2016-09-22;0,8936;0,894;0,8883;0,8922
2016-09-21;0,8967;0,899;0,8933;0,8935
2016-09-20;0,8948;0,8968;0,8921;0,8967
2016-09-19;0,8962;0,8966;0,8931;0,8948
2016-09-16;0,8891;0,8969;0,8889;0,8965
2016-09-15;0,889;0,8913;0,8864;0,8894
2016-09-14;0,8915;0,8918;0,8871;0,889
2016-09-13;0,8901;0,8925;0,8883;0,8916
2016-09-12;0,8889;0,8919;0,888;0,8901
2016-09-09;0,8877;0,8926;0,8862;0,8903
2016-09-08;0,8897;0,89;0,8829;0,8877
2016-09-07;0,8888;0,8905;0,8874;0,8898
2016-09-06;0,8971;0,8975;0,8879;0,8888
2016-09-05;0,8961;0,8976;0,8943;0,8971
2016-09-02;0,8932;0,8967;0,8888;0,8965
2016-09-01;0,8963;0,8986;0,8925;0,8931
2016-08-31;0,8974;0,8989;0,8957;0,8963
2016-08-30;0,8939;0,8983;0,8935;0,8975
2016-08-29;0,8933;0,8961;0,8923;0,894
2016-08-26;0,8861;0,8942;0,8819;0,8933
2016-08-25;0,8878;0,8881;0,8852;0,8862
2016-08-24;0,8845;0,8892;0,8841;0,8878
2016-08-23;0,8833;0,8847;0,8808;0,8847
2016-08-22;0,8857;0,8871;0,8826;0,8832
2016-08-19;0,8808;0,8845;0,8803;0,883
2016-08-18;0,8859;0,8859;0,8798;0,881
2016-08-17;0,8868;0,8886;0,8838;0,8859
2016-08-16;0,8941;0,8946;0,8835;0,8868
2016-08-15;0,8963;0,8965;0,8927;0,8941
2016-08-12;0,8978;0,8984;0,8913;0,8958
2016-08-11;0,8942;0,898;0,8937;0,8979
2016-08-10;0,8998;0,8998;0,8937;0,8944
2016-08-09;0,9021;0,9032;0,8992;0,8997
2016-08-08;0,9021;0,9031;0,9005;0,9022
2016-08-05;0,8987;0,9052;0,896;0,9019
2016-08-04;0,897;0,8995;0,8964;0,8986
2016-08-03;0,8912;0,8975;0,8911;0,8968
2016-08-02;0,8957;0,8958;0,8902;0,8911
2016-08-01;0,8949;0,8964;0,8944;0,8958
2016-07-29;0,9028;0,903;0,8932;0,895
2016-07-28;0,9047;0,9047;0,8996;0,9028
2016-07-27;0,9103;0,9118;0,9033;0,9046
2016-07-26;0,9097;0,9108;0,9071;0,9103
2016-07-25;0,9124;0,913;0,9095;0,9096
2016-07-22;0,9071;0,9128;0,9059;0,911
2016-07-21;0,9082;0,9104;0,9045;0,9071
2016-07-20;0,9076;0,9105;0,9068;0,9082
2016-07-19;0,903;0,9089;0,9025;0,9077
2016-07-18;0,9043;0,9059;0,9024;0,903
2016-07-15;0,8998;0,9068;0,897;0,9062
2016-07-14;0,9013;0,9016;0,8957;0,8998
2016-07-13;0,9038;0,9055;0,8993;0,9015
2016-07-12;0,9039;0,9047;0,899;0,904
2016-07-11;0,9059;0,9075;0,9031;0,9042
2016-07-08;0,9039;0,9088;0,9006;0,905
2016-07-07;0,9013;0,9047;0,9004;0,9038
2016-07-06;0,9035;0,9061;0,90;0,9013
2016-07-05;0,8969;0,9039;0,8945;0,9035
2016-07-04;0,8985;0,901;0,8961;0,8968
2016-07-01;0,9008;0,9032;0,8955;0,8977
2016-06-30;0,8988;0,9064;0,8965;0,901
2016-06-29;0,9028;0,905;0,8988;0,8989
2016-06-28;0,9073;0,9082;0,9001;0,9029
2016-06-27;0,9079;0,9114;0,9023;0,9075
2016-06-24;0,8763;0,9162;0,8761;0,9006
2016-06-23;0,883;0,8835;0,8753;0,8756
2016-06-22;0,8889;0,8898;0,8814;0,8828
2016-06-21;0,8841;0,8896;0,8812;0,8889
2016-06-20;0,8807;0,8848;0,8786;0,8841
2016-06-17;0,8904;0,8909;0,8853;0,8867
2016-06-16;0,8879;0,8984;0,8854;0,8908
2016-06-15;0,8923;0,8936;0,8853;0,888
2016-06-14;0,8859;0,8936;0,8851;0,8925
2016-06-13;0,8893;0,8901;0,8848;0,8859
2016-06-10;0,8835;0,8892;0,8834;0,8887
2016-06-09;0,8772;0,8844;0,876;0,8836
2016-06-08;0,8804;0,8807;0,8764;0,8771
2016-06-07;0,8805;0,8819;0,8788;0,8806
2016-06-06;0,8813;0,8824;0,8779;0,8807
2016-06-03;0,8967;0,8979;0,8794;0,8798
2016-06-02;0,8941;0,897;0,8914;0,8966
2016-06-01;0,8984;0,8996;0,8934;0,8939
2016-05-31;0,898;0,899;0,895;0,8985
2016-05-30;0,9005;0,901;0,8973;0,898
2016-05-27;0,8935;0,90;0,8928;0,8998
2016-05-26;0,8964;0,8969;0,8917;0,8933
2016-05-25;0,8976;0,8985;0,8955;0,8963
2016-05-24;0,8913;0,8982;0,8909;0,8976
2016-05-23;0,8908;0,8938;0,8895;0,8914
2016-05-20;0,8929;0,8931;0,89;0,891
2016-05-19;0,8912;0,8944;0,8905;0,8928
2016-05-18;0,884;0,8917;0,8837;0,8915
2016-05-17;0,8837;0,8847;0,8815;0,884
2016-05-16;0,8847;0,8847;0,8817;0,8836
2016-05-13;0,8791;0,8862;0,8788;0,8843
2016-05-12;0,8751;0,8794;0,875;0,879
2016-05-11;0,8795;0,8795;0,8737;0,8753
2016-05-10;0,8786;0,8802;0,8767;0,8794
2016-05-09;0,8785;0,879;0,8757;0,8786
2016-05-06;0,8769;0,8782;0,8721;0,8768
2016-05-05;0,8706;0,8781;0,87;0,8769
2016-05-04;0,8698;0,872;0,8676;0,8705
2016-05-03;0,8674;0,8701;0,8612;0,87
2016-05-02;0,8716;0,8733;0,8669;0,8676
2016-04-29;0,8808;0,881;0,8728;0,8733
2016-04-28;0,883;0,8851;0,8798;0,881
2016-04-27;0,8851;0,887;0,8815;0,8831
2016-04-26;0,8875;0,8884;0,882;0,8851
2016-04-25;0,8906;0,8907;0,8867;0,8873
2016-04-22;0,8861;0,8913;0,8843;0,8909
2016-04-21;0,8851;0,8869;0,8777;0,8861
2016-04-20;0,8807;0,8856;0,8783;0,8851
2016-04-19;0,8839;0,8847;0,8784;0,8805
2016-04-18;0,8853;0,8868;0,8825;0,884
2016-04-15;0,888;0,8892;0,8838;0,8864
2016-04-14;0,8866;0,8901;0,8856;0,8878
2016-04-13;0,8785;0,8874;0,8779;0,8867
2016-04-12;0,8767;0,8812;0,8724;0,8785
2016-04-11;0,8775;0,8792;0,8736;0,8767
2016-04-08;0,8792;0,8811;0,8758;0,8773
2016-04-07;0,8777;0,8819;0,8732;0,8791
2016-04-06;0,8784;0,8826;0,8749;0,8775
2016-04-05;0,8779;0,8821;0,8769;0,8785
2016-04-04;0,8766;0,8804;0,8764;0,8779
2016-04-01;0,8786;0,8818;0,8745;0,8776
2016-03-31;0,8823;0,8841;0,8764;0,8786
2016-03-30;0,8857;0,886;0,88;0,8823
2016-03-29;0,893;0,8952;0,8847;0,8857
2016-03-28;0,8962;0,8965;0,8914;0,8931
2016-03-25;0,8946;0,8965;0,8945;0,8956
2016-03-24;0,8943;0,897;0,8939;0,8946
2016-03-23;0,8915;0,8961;0,891;0,8942
2016-03-22;0,8897;0,8936;0,8881;0,8916
2016-03-21;0,8863;0,89;0,8862;0,8896
2016-03-18;0,8836;0,8883;0,8821;0,8873
2016-03-17;0,8916;0,8924;0,8816;0,8837
2016-03-16;0,9004;0,9043;0,8895;0,8917
2016-03-15;0,9006;0,9029;0,8993;0,9002
2016-03-14;0,8964;0,9026;0,8956;0,9007
2016-03-11;0,8944;0,9024;0,8921;0,8971
2016-03-10;0,9091;0,9235;0,8915;0,8947
2016-03-09;0,9086;0,9135;0,9063;0,9093
2016-03-08;0,908;0,9095;0,9046;0,9085
2016-03-07;0,9102;0,914;0,907;0,9079
2016-03-04;0,9133;0,9169;0,9059;0,9085
2016-03-03;0,92;0,9214;0,9117;0,9133
2016-03-02;0,9202;0,9237;0,919;0,9203
2016-03-01;0,9189;0,9229;0,9181;0,9203
2016-02-29;0,9191;0,9191;0,9189;0,9189
2016-02-26;0,9074;0,9164;0,9035;0,9149
2016-02-25;0,9077;0,9101;0,905;0,9074
2016-02-24;0,9075;0,9125;0,9053;0,9078
2016-02-23;0,9068;0,9099;0,9049;0,9074
2016-02-22;0,8996;0,9088;0,8992;0,907
2016-02-19;0,9002;0,9036;0,8977;0,8985
2016-02-18;0,8986;0,9032;0,8969;0,9003
2016-02-17;0,8977;0,9004;0,8946;0,8988
2016-02-16;0,8958;0,8989;0,8935;0,8976
2016-02-15;0,8908;0,8986;0,8902;0,8959
2016-02-12;0,8839;0,8917;0,8824;0,8885
2016-02-11;0,8866;0,887;0,8791;0,8839
2016-02-10;0,8859;0,896;0,8842;0,8865
2016-02-09;0,893;0,8959;0,8821;0,8857
2016-02-08;0,8973;0,902;0,8917;0,8931
2016-02-05;0,8928;0,9001;0,8893;0,8962
2016-02-04;0,9017;0,9034;0,8898;0,8928
2016-02-03;0,9154;0,9171;0,8973;0,9022
2016-02-02;0,9184;0,9186;0,9141;0,9152
2016-02-01;0,9229;0,923;0,9164;0,9183
2016-01-29;0,9142;0,925;0,9134;0,9233
2016-01-28;0,9173;0,92;0,9118;0,914
2016-01-27;0,9203;0,9216;0,9161;0,9174
2016-01-26;0,9217;0,9243;0,9196;0,9205
2016-01-25;0,9253;0,926;0,9211;0,9217
2016-01-22;0,9199;0,9268;0,9194;0,926
2016-01-21;0,9182;0,9276;0,9157;0,9203
2016-01-20;0,9164;0,9193;0,9112;0,9183
2016-01-19;0,9182;0,9208;0,9142;0,9165
2016-01-18;0,9175;0,92;0,9167;0,9182
2016-01-15;0,9206;0,9213;0,9104;0,9164
2016-01-14;0,9189;0,9229;0,9139;0,9205
2016-01-13;0,9218;0,9255;0,9185;0,919
2016-01-12;0,9208;0,9241;0,9174;0,9218
2016-01-11;0,9143;0,9217;0,9143;0,9206
2016-01-08;0,9155;0,9255;0,9149;0,9153
2016-01-07;0,9281;0,9284;0,9141;0,9157
2016-01-06;0,93;0,9328;0,926;0,928
2016-01-05;0,9235;0,9336;0,9226;0,9299
2016-01-04;0,9207;0,9275;0,9136;0,9233
2016-01-01;0,9204;0,9204;0,9204;0,9204
2015-12-31;0,9152;0,9213;0,9143;0,9204
2015-12-30;0,9155;0,9172;0,9138;0,9153
2015-12-29;0,9113;0,9174;0,9098;0,9154
2015-12-28;0,9116;0,9127;0,9097;0,9113
2015-12-25;0,9129;0,9129;0,9129;0,9129
2015-12-24;0,9169;0,917;0,9119;0,9129
2015-12-23;0,9131;0,9199;0,913;0,917
2015-12-22;0,9164;0,9172;0,9104;0,9132
2015-12-21;0,9198;0,9217;0,9142;0,9164
2015-12-18;0,923;0,9255;0,9196;0,9201
2015-12-17;0,9182;0,9257;0,9181;0,9228
2015-12-16;0,9147;0,9184;0,9082;0,9172
2015-12-15;0,9092;0,917;0,9043;0,9148
2015-12-14;0,9115;0,9136;0,9051;0,9093
2015-12-11;0,9141;0,9152;0,9066;0,9099
2015-12-10;0,9075;0,9153;0,9073;0,9142
2015-12-09;0,9181;0,9192;0,9057;0,9075
2015-12-08;0,9231;0,9233;0,9173;0,9178
2015-12-07;0,92;0,9263;0,9198;0,9231
2015-12-04;0,915;0,9228;0,9127;0,9192
2015-12-03;0,9428;0,9496;0,9107;0,9149
2015-12-02;0,9413;0,9476;0,9406;0,9426
2015-12-01;0,9459;0,9467;0,9401;0,941
2015-11-30;0,9452;0,9472;0,9439;0,946
2015-11-27;0,9429;0,9462;0,94;0,9438
2015-11-26;0,9415;0,9434;0,941;0,9428
2015-11-25;0,9393;0,9463;0,9356;0,9418
2015-11-24;0,9405;0,9415;0,937;0,9392
2015-11-23;0,9424;0,9438;0,9385;0,9403
2015-11-20;0,932;0,9398;0,9317;0,9391
2015-11-19;0,9382;0,9382;0,9291;0,9319
2015-11-18;0,9396;0,9418;0,9353;0,9381
2015-11-17;0,9359;0,9406;0,9354;0,9396
2015-11-16;0,9336;0,9367;0,9297;0,9358
2015-11-13;0,9255;0,9333;0,9245;0,9286
2015-11-12;0,9295;0,9353;0,9233;0,9251
2015-11-11;0,9327;0,934;0,9283;0,9298
2015-11-10;0,9298;0,9368;0,929;0,9324
2015-11-09;0,9305;0,9322;0,9268;0,9298
2015-11-06;0,9188;0,9338;0,918;0,931
2015-11-05;0,9203;0,923;0,9179;0,9188
2015-11-04;0,9122;0,922;0,9118;0,9203
2015-11-03;0,908;0,9144;0,9066;0,9122
2015-11-02;0,9064;0,9089;0,9049;0,908
2015-10-30;0,9101;0,9119;0,9033;0,9085
2015-10-29;0,915;0,9169;0,9101;0,9101
2015-10-28;0,906;0,9176;0,9014;0,9151
2015-10-27;0,9043;0,9066;0,9027;0,9057
2015-10-26;0,9069;0,9087;0,9035;0,9044
2015-10-23;0,9004;0,9094;0,8977;0,9076
2015-10-22;0,882;0,9023;0,881;0,9007
2015-10-21;0,8813;0,8822;0,8789;0,882
2015-10-20;0,8827;0,883;0,8782;0,8814
2015-10-19;0,8794;0,8845;0,8788;0,8826
2015-10-16;0,8808;0,8822;0,8779;0,8812
2015-10-15;0,8709;0,8799;0,87;0,8791
2015-10-14;0,8786;0,8788;0,8704;0,871
2015-10-13;0,8804;0,8814;0,8764;0,8787
2015-10-12;0,8791;0,8807;0,8774;0,8804
2015-10-09;0,8865;0,8875;0,8782;0,8804
2015-10-08;0,8898;0,8901;0,8831;0,8867
2015-10-07;0,8874;0,8919;0,8862;0,8899
2015-10-06;0,8939;0,8951;0,8866;0,8872
2015-10-05;0,8911;0,895;0,8858;0,894
2015-10-02;0,8939;0,8968;0,8836;0,892
2015-10-01;0,8951;0,898;0,8922;0,8937
2015-09-30;0,8888;0,8963;0,888;0,8951
2015-09-29;0,8896;0,8933;0,8864;0,8889
2015-09-28;0,8932;0,8969;0,8891;0,8895
2015-09-25;0,895;0,8995;0,8918;0,8931
2015-09-24;0,8939;0,8957;0,8853;0,895
2015-09-23;0,8988;0,9005;0,8918;0,8938
2015-09-22;0,8936;0,8998;0,8923;0,8987
2015-09-21;0,8844;0,8943;0,8827;0,8938
2015-09-18;0,8759;0,8873;0,8726;0,8849
2015-09-17;0,8858;0,8861;0,874;0,8758
2015-09-16;0,8877;0,8917;0,8834;0,8859
2015-09-15;0,8837;0,8882;0,8827;0,8876
2015-09-14;0,8812;0,8858;0,8794;0,8837
2015-09-11;0,8868;0,8885;0,8811;0,882
2015-09-10;0,8917;0,895;0,8853;0,8866
2015-09-09;0,8926;0,8983;0,8916;0,8918
2015-09-08;0,8954;0,8966;0,8906;0,8925
2015-09-07;0,8955;0,899;0,8947;0,8953
2015-09-05;0,897;0,897;0,897;0,897
2015-09-04;0,8993;0,9015;0,8937;0,897
2015-09-03;0,8909;0,9019;0,8894;0,8992
2015-09-02;0,8844;0,8915;0,8844;0,891
2015-09-01;0,8921;0,8922;0,8826;0,8841
2015-08-31;0,891;0,8944;0,888;0,8921
2015-08-28;0,8892;0,8962;0,8842;0,8941
2015-08-27;0,8838;0,8926;0,8799;0,8893
2015-08-26;0,8682;0,8855;0,865;0,884
2015-08-25;0,8637;0,8772;0,8617;0,869
2015-08-24;0,8782;0,8782;0,8543;0,8634
2015-08-21;0,8902;0,8905;0,878;0,8782
2015-08-20;0,8992;0,9003;0,8893;0,8901
2015-08-19;0,9069;0,9075;0,8981;0,899
2015-08-18;0,9026;0,9076;0,9015;0,9069
2015-08-17;0,9011;0,9042;0,8989;0,9027
2015-08-14;0,8966;0,901;0,8938;0,9001
2015-08-13;0,896;0,9024;0,8938;0,8967
2015-08-12;0,9056;0,9068;0,8919;0,8962
2015-08-11;0,9077;0,9123;0,902;0,9057
2015-08-10;0,9119;0,9153;0,9057;0,9076
2015-08-07;0,9153;0,9212;0,9109;0,9119
2015-08-06;0,9175;0,9195;0,9139;0,9154
2015-08-05;0,9183;0,9218;0,9156;0,9175
2015-08-04;0,913;0,9192;0,9101;0,9185
2015-08-03;0,9104;0,9104;0,9104;0,9104
2015-07-31;0,9147;0,9156;0,8999;0,9104
2015-07-30;0,9108;0,9179;0,91;0,9148
2015-07-29;0,904;0,9117;0,9022;0,9108
2015-07-28;0,9015;0,9072;0,901;0,9039
2015-07-27;0,9109;0,9109;0,9109;0,9109
2015-07-26;0,9109;0,9109;0,9109;0,9109
2015-07-24;0,9105;0,9153;0,9094;0,9109
2015-07-23;0,9151;0,9156;0,9077;0,9105
2015-07-22;0,9143;0,9199;0,9121;0,915
2015-07-21;0,924;0,9249;0,9118;0,9141
2015-07-20;0,9234;0,9234;0,9234;0,9234
2015-07-19;0,9234;0,9234;0,9234;0,9234
2015-07-17;0,9194;0,9235;0,9169;0,9234
2015-07-16;0,9136;0,9212;0,9122;0,9194
2015-07-15;0,9084;0,9149;0,9062;0,9135
2015-07-14;0,9087;0,9118;0,9026;0,9084
2015-07-13;0,8961;0,8961;0,8961;0,8961
2015-07-12;0,8961;0,8961;0,8961;0,8961
2015-07-10;0,9053;0,9054;0,8918;0,8961
2015-07-09;0,903;0,9098;0,8994;0,906
2015-07-08;0,9093;0,9112;0,9016;0,9032
2015-07-07;0,9045;0,916;0,9044;0,9097
2015-07-06;0,8997;0,8997;0,8997;0,8997
2015-07-05;0,8997;0,8997;0,8997;0,8997
2015-07-03;0,902;0,9036;0,8995;0,8997
2015-07-02;0,9046;0,9064;0,8992;0,9022
2015-07-01;0,8973;0,9055;0,8953;0,9045
2015-06-30;0,8903;0,8995;0,8897;0,8975
2015-06-29;0,8959;0,8959;0,8959;0,8959
2015-06-28;0,8959;0,8959;0,8959;0,8959
2015-06-26;0,8928;0,8983;0,8913;0,8959
2015-06-25;0,8926;0,8965;0,8909;0,8928
2015-06-24;0,8956;0,896;0,8902;0,8926
2015-06-23;0,8818;0,898;0,8813;0,8956
2015-06-22;0,8811;0,8811;0,8811;0,8811
2015-06-21;0,8811;0,8811;0,8811;0,8811
2015-06-19;0,8797;0,8855;0,8782;0,8811
2015-06-18;0,8818;0,8826;0,8746;0,8795
2015-06-17;0,8892;0,8922;0,8805;0,882
2015-06-16;0,8864;0,8924;0,8826;0,8892
2015-06-15;0,8876;0,8876;0,8876;0,8876
2015-06-14;0,8876;0,8876;0,8876;0,8876
2015-06-12;0,8896;0,8968;0,8856;0,8876
2015-06-11;0,8831;0,8942;0,883;0,89
2015-06-10;0,8867;0,8878;0,8784;0,8833
2015-06-09;0,8865;0,8916;0,8815;0,8867
2015-06-08;0,8997;0,8997;0,8997;0,8997
2015-06-07;0,8997;0,8997;0,8997;0,8997
2015-06-05;0,8909;0,9049;0,8866;0,8997
2015-06-04;0,8875;0,8911;0,879;0,8911
2015-06-03;0,8968;0,9023;0,8861;0,8873
2015-06-02;0,9156;0,916;0,8938;0,8968
2015-06-01;0,9098;0,9098;0,9098;0,9098
2015-05-31;0,9098;0,9098;0,9098;0,9098
2015-05-29;0,9125;0,9152;0,9086;0,9098
2015-05-28;0,9174;0,9199;0,9114;0,9126
2015-05-27;0,9197;0,9242;0,915;0,9174
2015-05-26;0,9107;0,9205;0,9107;0,9196
2015-05-25;0,9082;0,9082;0,9082;0,9082
2015-05-24;0,9082;0,9082;0,9082;0,9082
2015-05-22;0,9003;0,9089;0,8924;0,9082
2015-05-21;0,9016;0,9024;0,8944;0,9004
2015-05-20;0,8972;0,9038;0,8968;0,9017
2015-05-19;0,8838;0,8991;0,8829;0,8972
2015-05-18;0,8736;0,8736;0,8736;0,8736
2015-05-17;0,8736;0,8736;0,8736;0,8736
2015-05-15;0,8765;0,883;0,8721;0,8736
2015-05-14;0,881;0,8817;0,8739;0,8765
2015-05-13;0,8912;0,8926;0,8786;0,881
2015-05-12;0,8967;0,8981;0,8867;0,8914
2015-05-11;0,8919;0,8919;0,8919;0,8919
2015-05-10;0,8919;0,8919;0,8919;0,8919
2015-05-08;0,8886;0,8944;0,8862;0,8919
2015-05-07;0,8816;0,8898;0,8779;0,8894
2015-05-06;0,894;0,8948;0,8796;0,8816
2015-05-05;0,897;0,9036;0,8913;0,8939
2015-05-04;0,8932;0,8932;0,8932;0,8932
2015-05-03;0,8932;0,8932;0,8932;0,8932
2015-05-01;0,8916;0,8948;0,8861;0,8932
2015-04-30;0,8995;0,9032;0,8877;0,8918
2015-04-29;0,9108;0,9124;0,8939;0,8994
2015-04-28;0,9188;0,9206;0,9099;0,9111
2015-04-27;0,9197;0,9197;0,9197;0,9197
2015-04-26;0,9197;0,9197;0,9197;0,9197
2015-04-24;0,9241;0,9272;0,9176;0,9197
2015-04-23;0,9327;0,9373;0,9221;0,9241
2015-04-22;0,9313;0,9338;0,9259;0,9327
2015-04-21;0,9312;0,938;0,9278;0,9313
2015-04-20;0,9254;0,9254;0,9254;0,9254
2015-04-19;0,9254;0,9254;0,9254;0,9254
2015-04-17;0,9291;0,9313;0,9219;0,9254
2015-04-16;0,9364;0,9412;0,9244;0,9291
2015-04-15;0,9386;0,9459;0,9346;0,9363
2015-04-14;0,9463;0,9495;0,934;0,9386
2015-04-13;0,9432;0,9432;0,9432;0,9432
2015-04-12;0,9432;0,9432;0,9432;0,9432
2015-04-10;0,9379;0,9461;0,936;0,9432
2015-04-09;0,9274;0,94;0,927;0,9378
2015-04-08;0,9249;0,929;0,9189;0,9274
2015-04-07;0,9145;0,9256;0,9129;0,9249
2015-04-06;0,9113;0,9113;0,9113;0,9113
2015-04-05;0,9113;0,9113;0,9113;0,9113
2015-04-03;0,9191;0,9205;0,9071;0,9113
2015-04-02;0,9288;0,9302;0,9174;0,919
2015-04-01;0,9311;0,9329;0,926;0,9287
2015-03-31;0,9238;0,9332;0,9223;0,931
2015-03-30;0,9183;0,9183;0,9183;0,9183
2015-03-28;0,9183;0,9183;0,9183;0,9183
2015-03-27;0,9192;0,9258;0,9137;0,9183
2015-03-26;0,912;0,9211;0,9049;0,9192
2015-03-25;0,9163;0,9173;0,9079;0,912
2015-03-24;0,9125;0,9181;0,9068;0,9165
2015-03-23;0,9226;0,9286;0,9115;0,9124
2015-03-22;0,9242;0,9242;0,9242;0,9242
2015-03-20;0,9373;0,9384;0,9195;0,9242
2015-03-19;0,924;0,9419;0,9163;0,9374
2015-03-18;0,9439;0,9452;0,9086;0,9229
2015-03-17;0,946;0,9477;0,9389;0,9441
2015-03-16;0,9524;0,9542;0,9417;0,9464
2015-03-15;0,9527;0,9527;0,9527;0,9527
2015-03-13;0,9415;0,9558;0,9405;0,9527
2015-03-12;0,9478;0,9525;0,936;0,9414
2015-03-11;0,9357;0,9513;0,9332;0,9477
2015-03-10;0,9219;0,9373;0,9219;0,9352
2015-03-09;0,9224;0,9228;0,9169;0,922
2015-03-08;0,9223;0,9239;0,9223;0,9237
2015-03-07;0,9223;0,9223;0,9223;0,9223
2015-03-06;0,9065;0,9225;0,9064;0,9223
2015-03-05;0,9024;0,91;0,90;0,9064
2015-03-04;0,8946;0,904;0,894;0,9025
2015-03-03;0,8945;0,8965;0,8915;0,8945
2015-03-02;0,8943;0,896;0,8897;0,8943
2015-03-01;0,8933;0,8933;0,8933;0,8933
2015-02-27;0,8932;0,8947;0,8894;0,8933
2015-02-26;0,88;0,8942;0,8788;0,8932
2015-02-25;0,8819;0,8821;0,8781;0,88
2015-02-24;0,8821;0,8857;0,8804;0,8818
2015-02-23;0,8789;0,8789;0,8789;0,8789
2015-02-22;0,8789;0,8789;0,8789;0,8789
2015-02-20;0,88;0,8864;0,875;0,8789
2015-02-19;0,877;0,8806;0,8734;0,8799
2015-02-18;0,8764;0,8823;0,8761;0,877
2015-02-17;0,8813;0,8832;0,8736;0,8763
2015-02-16;0,8774;0,8834;0,875;0,8814
2015-02-15;0,8782;0,8782;0,8782;0,8782
2015-02-13;0,8771;0,8787;0,874;0,8782
2015-02-12;0,8826;0,8846;0,8755;0,8771
2015-02-11;0,8837;0,8865;0,8809;0,8827
2015-02-10;0,8831;0,887;0,8814;0,8837
2015-02-09;0,884;0,8868;0,8804;0,883
2015-02-08;0,8838;0,8838;0,8838;0,8838
2015-02-06;0,8712;0,884;0,8712;0,8838
2015-02-05;0,8822;0,8846;0,8698;0,8715
2015-02-04;0,8723;0,8837;0,8707;0,8823
2015-02-03;0,8822;0,8839;0,867;0,8723
2015-02-02;0,8841;0,8855;0,8802;0,8821
2015-02-01;0,8861;0,8861;0,8861;0,8861
2015-01-30;0,8828;0,8866;0,8801;0,8861
2015-01-29;0,8868;0,8879;0,8798;0,8828
2015-01-28;0,8794;0,8871;0,8786;0,887
2015-01-27;0,8899;0,8908;0,8755;0,8794
2015-01-26;0,8972;0,901;0,8858;0,8899
2015-01-25;0,8924;0,8924;0,8924;0,8924
2015-01-23;0,8793;0,8995;0,8792;0,8924
2015-01-22;0,8613;0,8835;0,8583;0,88
2015-01-21;0,8654;0,8664;0,8566;0,8609
2015-01-20;0,8617;0,8665;0,861;0,8654
2015-01-19;0,8649;0,8649;0,8649;0,8649
2015-01-18;0,8649;0,8649;0,8649;0,8649
2015-01-16;0,8601;0,8725;0,8585;0,8649
2015-01-15;0,8483;0,8644;0,8482;0,8601
2015-01-14;0,8492;0,8527;0,8442;0,8482
2015-01-13;0,8454;0,8506;0,8432;0,8492
2015-01-12;0,843;0,8484;0,8424;0,8454
2015-01-11;0,8444;0,8444;0,8444;0,8444
2015-01-09;0,8482;0,85;0,8443;0,8444
2015-01-08;0,8451;0,8507;0,8441;0,8483
2015-01-07;0,8421;0,8473;0,8407;0,8451
2015-01-06;0,8381;0,8435;0,8355;0,8422
2015-01-05;0,8368;0,8412;0,835;0,838
2015-01-04;0,8332;0,8332;0,8332;0,8332
2015-01-02;0,8292;0,8333;0,8285;0,8332
2015-01-01;0,8265;0,8265;0,8265;0,8265
2014-12-31;0,8226;0,8266;0,8217;0,8265
2014-12-30;0,8227;0,8248;0,8205;0,8226
2014-12-29;0,8212;0,8235;0,8184;0,8226
2014-12-28;0,8209;0,8209;0,8209;0,8209
2014-12-26;0,8185;0,8217;0,8183;0,8209
2014-12-25;0,8195;0,8195;0,8195;0,8195
2014-12-24;0,8216;0,8217;0,8184;0,8195
2014-12-23;0,8178;0,822;0,8166;0,8215
2014-12-22;0,8183;0,8186;0,8149;0,8178
2014-12-21;0,8176;0,8176;0,8176;0,8176
2014-12-19;0,8138;0,8182;0,8129;0,8176
2014-12-18;0,8109;0,8153;0,8096;0,8138
2014-12-17;0,7993;0,8115;0,799;0,8109
2014-12-16;0,8036;0,8041;0,7957;0,7993
2014-12-15;0,8018;0,8055;0,8015;0,8037
2014-12-14;0,8025;0,8025;0,8025;0,8025
2014-12-12;0,806;0,8075;0,801;0,8025
2014-12-11;0,8035;0,8084;0,8003;0,8061
2014-12-10;0,8079;0,8089;0,8033;0,8034
2014-12-09;0,8119;0,8135;0,8034;0,8079
2014-12-08;0,8139;0,8165;0,8102;0,8119
2014-12-07;0,8139;0,8139;0,8139;0,8139
2014-12-05;0,8079;0,8148;0,8069;0,8139
2014-12-04;0,8125;0,8135;0,8028;0,8078
2014-12-03;0,8075;0,8129;0,8071;0,8124
2014-12-02;0,8017;0,8079;0,8015;0,8075
2014-12-01;0,8031;0,8031;0,8031;0,8031
2014-11-30;0,8031;0,8031;0,8031;0,8031
2014-11-28;0,8026;0,8047;0,8007;0,8031
2014-11-27;0,7997;0,8028;0,7985;0,8024
2014-11-25;0,804;0,8062;0,8009;0,8016
2014-11-24;0,8082;0,8088;0,8036;0,8038
2014-11-23;0,8071;0,809;0,8071;0,8085
2014-11-22;0,8071;0,8071;0,8071;0,8071
2014-11-21;0,7973;0,8081;0,7957;0,8071
2014-11-20;0,7971;0,7997;0,7953;0,7972
2014-11-19;0,7979;0,7992;0,794;0,7971
2014-11-18;0,8032;0,8036;0,7973;0,798
2014-11-17;0,7986;0,8035;0,7951;0,8032
2014-11-16;0,7984;0,7984;0,7984;0,7984
2014-11-14;0,8016;0,8065;0,7971;0,7984
2014-11-13;0,8046;0,8047;0,8005;0,8016
2014-11-12;0,8017;0,8052;0,8001;0,8045
2014-11-11;0,8049;0,8067;0,8001;0,8017
2014-11-10;0,8029;0,8029;0,8029;0,8029
2014-11-08;0,8029;0,81;0,8028;0,8037
2014-11-07;0,8078;0,809;0,8021;0,8029
2014-11-06;0,8016;0,8087;0,7979;0,8079
2014-11-05;0,7967;0,8027;0,7957;0,8013
2014-11-04;0,8008;0,8008;0,7952;0,7966
2014-11-03;0,7986;0,7986;0,7986;0,7986
2014-11-02;0,7986;0,7986;0,7986;0,7986
2014-10-31;0,7933;0,8009;0,7928;0,7986
2014-10-30;0,7913;0,7969;0,7912;0,7933
2014-10-29;0,7852;0,7919;0,7831;0,7914
2014-10-28;0,7877;0,7883;0,7835;0,7852
2014-10-27;0,7889;0,7895;0,786;0,7877
2014-10-26;0,7892;0,7892;0,7892;0,7892
2014-10-24;0,7908;0,7914;0,7877;0,7892
2014-10-23;0,7908;0,7926;0,7889;0,7909
2014-10-22;0,7866;0,7913;0,785;0,7908
2014-10-21;0,7814;0,7866;0,7789;0,7865
2014-10-20;0,7837;0,7837;0,7837;0,7837
2014-10-19;0,7837;0,7837;0,7837;0,7837
2014-10-17;0,781;0,7846;0,7791;0,7837
2014-10-16;0,7802;0,787;0,7786;0,7812
2014-10-15;0,7901;0,7921;0,7761;0,7801
2014-10-14;0,7848;0,7911;0,7844;0,79
2014-10-13;0,7918;0,7918;0,7918;0,7918
2014-10-12;0,7918;0,7918;0,7918;0,7918
2014-10-10;0,7881;0,7933;0,7864;0,7918
2014-10-09;0,7855;0,7896;0,7819;0,7881
2014-10-08;0,7895;0,7922;0,7844;0,7855
2014-10-07;0,7903;0,7946;0,7886;0,7895
2014-10-06;0,7991;0,7991;0,7991;0,7991
2014-10-05;0,7991;0,7991;0,7991;0,7991
2014-10-03;0,7892;0,80;0,7892;0,7991
2014-10-02;0,7925;0,7928;0,7876;0,789
2014-10-01;0,7917;0,7946;0,7912;0,7925
2014-09-30;0,7881;0,7955;0,7873;0,7917
2014-09-29;0,7885;0,7885;0,7885;0,7885
2014-09-28;0,7885;0,7885;0,7885;0,7885
2014-09-26;0,7842;0,7888;0,7837;0,7885
2014-09-25;0,7825;0,7874;0,7823;0,7842
2014-09-24;0,7783;0,7828;0,7774;0,7826
2014-09-23;0,7784;0,7786;0,7752;0,7783
2014-09-22;0,7796;0,7796;0,7796;0,7796
2014-09-21;0,7796;0,7796;0,7796;0,7796
2014-09-19;0,7742;0,7796;0,7735;0,7796
2014-09-18;0,7783;0,7791;0,7734;0,7742
2014-09-17;0,7718;0,7791;0,7704;0,7785
2014-09-16;0,7728;0,7738;0,7695;0,7717
2014-09-15;0,7714;0,7714;0,7714;0,7714
2014-09-14;0,7714;0,7714;0,7714;0,7714
2014-09-12;0,7738;0,7746;0,7705;0,7714
2014-09-11;0,7742;0,7754;0,7721;0,7736
2014-09-10;0,7729;0,7761;0,7716;0,7743
2014-09-09;0,7752;0,7776;0,7718;0,7728
2014-09-08;0,7721;0,7721;0,7721;0,7721
2014-09-07;0,7721;0,7721;0,7721;0,7721
2014-09-05;0,773;0,7739;0,77;0,7721
2014-09-04;0,7605;0,7739;0,7602;0,7729
2014-09-03;0,7614;0,762;0,7599;0,7605
2014-09-02;0,7617;0,7628;0,7612;0,7614
2014-09-01;0,7615;0,7615;0,7615;0,7615
2014-08-31;0,7615;0,7615;0,7615;0,7615
2014-08-29;0,7585;0,7615;0,7578;0,7615
2014-08-28;0,7579;0,7599;0,7564;0,7585
2014-08-27;0,7593;0,7602;0,757;0,7579
2014-08-26;0,7581;0,7596;0,7567;0,7594
2014-08-25;0,7551;0,7551;0,7551;0,7551
2014-08-24;0,7551;0,7551;0,7551;0,7551
2014-08-22;0,7529;0,7564;0,7521;0,7551
2014-08-21;0,7543;0,7551;0,7525;0,7529
2014-08-20;0,7509;0,7544;0,7505;0,7542
2014-08-19;0,7484;0,7511;0,7483;0,7508
2014-08-18;0,7463;0,7463;0,7463;0,7463
2014-08-17;0,7463;0,7463;0,7463;0,7463
2014-08-15;0,7483;0,7486;0,7456;0,7463
2014-08-14;0,7483;0,7491;0,7459;0,7482
2014-08-13;0,7481;0,7495;0,7454;0,7483
2014-08-12;0,7471;0,7498;0,747;0,7481
2014-08-11;0,7457;0,7457;0,7457;0,7457
2014-08-10;0,7457;0,7457;0,7457;0,7457
2014-08-08;0,7484;0,7494;0,7445;0,7457
2014-08-07;0,7473;0,7498;0,7468;0,7484
2014-08-06;0,7478;0,75;0,747;0,7471
2014-08-05;0,745;0,7486;0,7449;0,7478
2014-08-04;0,7446;0,7446;0,7446;0,7446
2014-08-03;0,7446;0,7446;0,7446;0,7446
2014-08-01;0,7469;0,7474;0,7438;0,7446
2014-07-31;0,7466;0,7478;0,7462;0,7469
2014-07-30;0,7458;0,7481;0,7454;0,7466
2014-07-29;0,7441;0,746;0,7438;0,7457
2014-07-28;0,7446;0,7446;0,7446;0,7446
2014-07-27;0,7446;0,7446;0,7446;0,7446
2014-07-25;0,7428;0,745;0,7421;0,7446
2014-07-24;0,7428;0,744;0,7416;0,7427
2014-07-23;0,7426;0,7432;0,7422;0,7428
2014-07-22;0,7394;0,7429;0,7391;0,7427
2014-07-21;0,7394;0,7394;0,7394;0,7394
2014-07-20;0,7394;0,7394;0,7394;0,7394
2014-07-18;0,7393;0,7412;0,7388;0,7394
2014-07-17;0,7394;0,7398;0,7386;0,7393
2014-07-16;0,737;0,7396;0,7369;0,7394
2014-07-15;0,7342;0,7373;0,7338;0,737
2014-07-14;0,7349;0,7349;0,7349;0,7349
2014-07-13;0,7349;0,7349;0,7349;0,7349
2014-07-11;0,7349;0,7357;0,734;0,7349
2014-07-10;0,7331;0,7359;0,7326;0,7349
2014-07-09;0,7346;0,7352;0,7327;0,733
2014-07-08;0,735;0,7359;0,7344;0,7346
2014-07-07;0,7356;0,7356;0,7356;0,7356
2014-07-06;0,7356;0,7356;0,7356;0,7356
2014-07-04;0,7348;0,7361;0,7347;0,7356
2014-07-03;0,7322;0,7355;0,7319;0,7348
2014-07-02;0,731;0,733;0,7309;0,7322
2014-07-01;0,7303;0,7312;0,73;0,731
2014-06-30;0,7327;0,7327;0,7327;0,7327
2014-06-29;0,7327;0,7327;0,7327;0,7327
2014-06-27;0,7346;0,7348;0,7326;0,7327
2014-06-26;0,7336;0,7365;0,7331;0,7347
2014-06-25;0,7351;0,7353;0,7325;0,7337
2014-06-24;0,7351;0,7362;0,7338;0,735
2014-06-23;0,7353;0,7353;0,7353;0,7353
2014-06-22;0,7353;0,7353;0,7353;0,7353
2014-06-20;0,735;0,7372;0,7335;0,7353
2014-06-19;0,736;0,7361;0,733;0,7349
2014-06-18;0,7382;0,7385;0,7355;0,7358
2014-06-17;0,7368;0,7387;0,736;0,7382
2014-06-16;0,7385;0,7385;0,7385;0,7385
2014-06-15;0,7385;0,7385;0,7385;0,7385
2014-06-13;0,738;0,7396;0,7364;0,7385
2014-06-12;0,7389;0,7401;0,7368;0,738
2014-06-11;0,7383;0,7395;0,7376;0,739
2014-06-10;0,7357;0,7389;0,7352;0,7383
2014-06-09;0,733;0,733;0,733;0,733





