Datum;Erster;Hoch;Tief;Schlusskurs;Stuecke;Volumen
26.04.2021;54,1829;54,6463;53,4464;54,4725;;
23.04.2021;54,5583;54,9478;53,9864;54,6411;;
22.04.2021;54,076;54,4579;53,6029;54,1674;;
21.04.2021;55,2927;55,401;54,0768;54,4349;;
20.04.2021;56,2277;56,4849;54,3772;55,0992;;
19.04.2021;55,1973;55,8371;55,1558;55,7457;;
16.04.2021;56,007;56,1405;55,4397;55,8235;;
15.04.2021;55,6475;55,9816;55,071;55,9482;;
14.04.2021;54,0037;55,9178;53,6777;55,6921;;
13.04.2021;53,6231;53,9677;53,1859;53,4381;;
12.04.2021;52,6042;54,0155;52,4026;53,1754;;
09.04.2021;52,9105;53,289;52,6329;52,9526;;
08.04.2021;52,8763;53,4153;52,5394;53,1374;;
07.04.2021;52,9788;53,45;51,8092;53,0882;;
06.04.2021;53,0477;54,4108;52,9885;53,0901;;
01.04.2021;53,8396;55,3806;53,1841;55,2273;;
31.03.2021;55,1301;55,2665;54,1748;54,2942;;
30.03.2021;55,0805;55,4893;54,101;54,595;;
29.03.2021;54,0224;55,5329;53,9121;55,0322;;
26.03.2021;53,5648;55,0925;53,378;54,6681;;
25.03.2021;53,8468;54,1095;51,6607;52,3725;;
24.03.2021;51,9662;54,6047;51,9662;54,334;;
23.03.2021;53,7659;53,8248;50,9047;50,9636;;
22.03.2021;53,4798;54,5195;53,4798;54,1758;;
19.03.2021;53,0822;54,3016;52,1991;54,1418;;
18.03.2021;56,506;57,2028;53,8113;54,0715;;
17.03.2021;57,7307;57,7475;56,219;57,1765;;
16.03.2021;57,4375;57,5801;56,599;57,295;;
15.03.2021;58,6829;58,7081;56,9211;57,6846;;
12.03.2021;58,1497;58,5938;57,9318;57,9653;;
11.03.2021;57,0223;58,2171;56,9388;58,075;;
10.03.2021;56,8533;57,5513;56,1638;57,0131;;
09.03.2021;57,3314;58,2731;56,6252;56,6924;;
08.03.2021;59,1269;59,2112;57,138;57,1718;;
05.03.2021;56,8437;58,2845;56,5756;58,0667;;
04.03.2021;53,7145;56,2656;52,6674;55,6507;;
03.03.2021;52,1995;53,7019;51,9505;53,4197;;
02.03.2021;52,2115;53,3173;52,0785;52,8351;;
01.03.2021;54,3184;54,3848;52,4268;52,8831;;
26.02.2021;54,7645;54,9212;54,1704;54,5005;;
25.02.2021;55,3374;55,4029;54,3722;54,544;;
24.02.2021;53,8284;55,401;53,6638;55,2939;;
23.02.2021;54,3935;54,8217;53,0758;53,8747;;
22.02.2021;52,1965;53,6141;52,0481;53,5564;;
19.02.2021;51,9153;52,6979;51,454;51,9153;;
18.02.2021;53,7819;53,8563;52,3337;52,375;;
17.02.2021;53,0182;53,7065;52,33;53,2587;;
16.02.2021;52,2194;52,2276;51,61;52,0794;;
15.02.2021;52,2879;52,5023;51,9829;52,09;;
12.02.2021;50,0578;51,9078;49,8266;51,8005;;
11.02.2021;50,3663;50,6298;50,07;50,3499;;
10.02.2021;50,3175;50,8535;50,2598;50,6308;;
09.02.2021;50,3966;50,5866;49,5952;50,5205;;
08.02.2021;49,9875;50,4366;49,7547;50,1788;;
05.02.2021;49,395;49,8873;49,3449;49,7121;;
04.02.2021;49,133;49,2331;48,3745;49,0413;;
03.02.2021;48,2733;49,0222;47,9737;48,681;;
02.02.2021;47,2019;48,19;47,1936;47,7499;;
01.02.2021;46,003;46,6071;45,7299;46,5326;;
29.01.2021;45,6823;46,4568;45,6081;46,0695;;
28.01.2021;45,9515;46,7951;45,7365;46,1169;;
27.01.2021;46,3431;46,6237;45,5589;46,1532;;
26.01.2021;45,7053;46,3971;45,7053;46,043;;
25.01.2021;45,869;46,0912;45,3259;45,7456;;
22.01.2021;45,4927;45,8299;44,7936;45,6161;;
21.01.2021;45,9204;46,2412;45,6161;46,1507;;
20.01.2021;46,5499;46,7895;46,2606;46,3102;;
19.01.2021;45,6396;46,2331;45,4088;46,1095;;
18.01.2021;45,441;45,7808;45,1923;45,3581;;
15.01.2021;45,9622;46,053;45,0549;45,459;;
14.01.2021;46,4533;46,5605;45,5378;46,4203;;
13.01.2021;46,7861;46,9505;45,8326;46,1121;;
12.01.2021;46,1146;46,6491;45,9502;46,4682;;
11.01.2021;45,3507;45,9344;45,2356;45,77;;
08.01.2021;44,6694;45,4286;44,5959;45,3714;;
07.01.2021;44,4444;44,6155;44,0453;44,3956;;
06.01.2021;43,5241;44,367;43,2566;44,2454;;
05.01.2021;41,5533;43,9003;41,4555;43,8106;;
04.01.2021;43,1685;43,38;41,2655;41,7453;;
31.12.2020;41,9363;42,0015;41,8303;41,8711;;
30.12.2020;41,9266;41,9917;41,5438;41,666;;
29.12.2020;41,9284;42,1323;41,6102;41,6673;;
28.12.2020;42,3193;42,5812;41,7465;41,7546;;
23.12.2020;40,9173;42,3804;40,8762;42,2571;;
22.12.2020;41,0083;41,4168;40,8122;41,0736;;
21.12.2020;41,3867;41,8139;40,3927;41,6988;;
18.12.2020;41,9202;42,7196;41,7489;42,6788;;
17.12.2020;42,1607;42,2587;41,6871;41,9402;;
16.12.2020;41,48;41,9723;41,2913;41,882;;
15.12.2020;41,2932;41,9357;40,9802;41,6722;;
14.12.2020;41,5968;41,7612;40,4374;41,1857;;
11.12.2020;41,7003;41,7746;41,0324;41,2551;;
10.12.2020;40,487;42,1461;40,4127;41,6921;;
09.12.2020;40,4905;40,5401;40,2511;40,3171;;
08.12.2020;40,1354;40,4656;39,896;40,2675;;
07.12.2020;40,1303;40,7899;39,8664;40,625;;
04.12.2020;40,8422;41,0231;40,1513;40,505;;
03.12.2020;39,865;40,2683;39,2396;40,1613;;
02.12.2020;39,2342;40,4194;39,0436;40,0215;;
01.12.2020;39,8646;40,3576;39,1711;39,5304;;
30.11.2020;39,5242;40,0584;39,3072;39,6327;;
27.11.2020;39,7836;40,6475;39,7165;40,463;;
26.11.2020;40,5378;40,5966;39,916;40,084;;
25.11.2020;40,8158;40,942;40,3785;40,8326;;
24.11.2020;39,115;40,5057;38,8959;40,2781;;
23.11.2020;38,459;38,6858;38,0556;38,627;;
20.11.2020;37,3261;37,8319;37,2166;37,7645;;
19.11.2020;37,5423;37,6268;36,9844;37,1028;;
18.11.2020;37,0239;37,816;36,9987;37,6138;;
17.11.2020;37,0729;37,1739;36,2397;36,5763;;
16.11.2020;36,9653;37,743;36,5342;36,9907;;
13.11.2020;36,3267;36,6822;36,132;36,3944;;
12.11.2020;37,0113;37,7237;36,7144;37,1979;;
11.11.2020;38,0163;38,5093;37,3279;37,3959;;
10.11.2020;35,9671;36,8225;35,9333;36,7886;;
09.11.2020;34,0318;36,5901;33,8298;35,799;;
06.11.2020;34,1955;34,2376;33,1424;33,3698;;
05.11.2020;34,5002;35,0401;34,2303;34,4412;;
04.11.2020;34,3059;35,1932;33,6063;35,1165;;
03.11.2020;33,5498;34,5411;33,4815;34,1395;;
02.11.2020;31,2479;33,4277;31,2135;33,1016;;
30.10.2020;32,0226;32,5098;31,8687;32,0055;;
29.10.2020;32,5444;32,5444;31,2714;32,2454;;
28.10.2020;34,2116;34,2543;33,0519;33,4783;;
27.10.2020;34,356;35,0744;34,1362;34,7701;;
26.10.2020;34,2076;34,7999;34,0046;34,2499;;
23.10.2020;35,6275;36,0999;34,9865;35,1046;;
22.10.2020;35,42;36,1983;35,2677;35,843;;
21.10.2020;35,9686;36,0867;34,9561;35,2008;;
20.10.2020;35,9865;36,3167;35,6986;36,2489;;
19.10.2020;36,6313;36,6907;36,1222;36,258;;
16.10.2020;36,3598;36,7005;36,0106;36,6238;;
15.10.2020;36,9294;36,9379;35,5274;36,7499;;
14.10.2020;35,9149;36,9617;35,8298;36,8511;;
13.10.2020;35,4373;36,2179;35,4119;36,0821;;
12.10.2020;35,8929;35,9607;35,0538;35,3674;;
09.10.2020;36,7783;36,9479;36,1085;36,3035;;
08.10.2020;36,0221;36,9231;35,9456;36,7871;;
07.10.2020;35,9388;36,0408;35,1232;35,548;;
06.10.2020;35,2522;36,3374;34,947;36,0831;;
05.10.2020;33,948;35,5201;33,795;35,2566;;
02.10.2020;34,0068;34,0835;33,0776;33,4783;;
01.10.2020;35,9854;36,0279;33,9602;34,7005;;
30.09.2020;34,7284;34,9505;34,3782;34,9334;;
29.09.2020;36,0109;36,1989;34,524;34,8317;;
28.09.2020;35,7584;36,3668;35,5613;36,1954;;
25.09.2020;36,2644;36,3933;35,6627;36,0151;;
24.09.2020;35,672;36,0584;35,4229;36,024;;
23.09.2020;35,4516;36,4352;35,272;35,7424;;
22.09.2020;35,3918;35,937;35,0937;35,4429;;
21.09.2020;36,133;36,2009;34,7247;35,0132;;
18.09.2020;36,8884;37,032;35,9334;36,432;;
17.09.2020;35,2462;36,8907;35,2123;36,7212;;
16.09.2020;34,7544;35,6054;34,6954;35,4621;;
15.09.2020;33,2324;34,3424;33,1063;34,1911;;
14.09.2020;33,6898;33,7403;33,0835;33,454;;
11.09.2020;33,6005;34,0138;33,2209;33,5667;;
10.09.2020;34,3067;34,4755;33,8172;33,8932;;
09.09.2020;33,7552;35,0123;33,7042;34,7235;;
08.09.2020;35,4603;35,5876;33,3305;33,7123;;
07.09.2020;35,6225;35,8931;35,2926;35,5463;;
04.09.2020;36,8857;37,6288;35,7203;36,0159;;
03.09.2020;37,4503;37,4757;36,5022;37,2979;;
02.09.2020;38,7404;38,8247;37,324;37,3324;;
01.09.2020;38,1497;38,5751;37,9912;38,0829;;
31.08.2020;38,8107;38,9782;38,0905;38,1323;;
28.08.2020;37,8347;38,0025;37,5745;37,7843;;
27.08.2020;38,6498;38,8616;37,7012;38,1332;;
26.08.2020;39,0534;39,1127;38,6123;38,8243;;
25.08.2020;38,3105;38,9961;38,2089;38,8437;;
24.08.2020;37,6467;38,0772;37,5876;38,0012;;
21.08.2020;38,0746;38,1256;37,0125;37,4713;;
20.08.2020;38,0084;38,0759;37,1224;37,7553;;
19.08.2020;37,7441;38,1296;37,5262;38,0206;;
18.08.2020;38,0144;38,2664;37,5693;38,1152;;
17.08.2020;38,0326;38,2266;37,5348;38,2266;;
14.08.2020;37,9328;38,1021;37,628;37,7466;;
13.08.2020;38,3166;38,5447;37,8518;38,0292;;
12.08.2020;38,238;38,6458;38,0596;38,5269;;
11.08.2020;38,3603;38,8526;37,919;37,9869;;
10.08.2020;38,1025;38,4936;37,958;38,4171;;
07.08.2020;38,0384;38,2838;37,4545;37,5645;;
06.08.2020;38,3349;38,5966;37,8451;38,0562;;
05.08.2020;37,6919;38,9742;37,5991;38,1643;;
04.08.2020;37,4331;38,1045;36,7446;38,011;;
03.08.2020;36,6792;37,9243;36,5768;37,8646;;
31.07.2020;36,4619;36,6475;36,3099;36,5631;;
30.07.2020;36,9412;37,1285;35,2636;36,2599;;
29.07.2020;37,0746;37,5011;37,0149;37,2708;;
28.07.2020;37,2365;37,2792;36,6817;36,7671;;
27.07.2020;36,6667;37,2279;36,0374;36,9303;;
24.07.2020;37,0865;37,8274;36,828;37,1468;;
23.07.2020;38,5859;38,7242;37,7388;37,8598;;
22.07.2020;38,2536;38,314;37,649;38,1586;;
21.07.2020;38,1019;39,238;38,0058;38,6437;;
20.07.2020;37,2816;37,9193;37,0021;37,9193;;
17.07.2020;37,8194;37,9856;37,2856;37,7844;;
16.07.2020;38,26;38,3827;37,9183;38,0235;;
15.07.2020;38,0811;38,1335;37,3121;38,0636;;
14.07.2020;36,9231;37,9868;36,8352;37,6703;;
13.07.2020;37,7527;38,2646;37,3731;38,1411;;
10.07.2020;37,2206;38,5066;36,6265;38,4622;;
09.07.2020;38,0533;38,3707;36,9776;37,2421;;
08.07.2020;38,1712;38,5345;37,9674;38,375;;
07.07.2020;37,6882;38,4942;37,5819;38,3702;;
06.07.2020;38,4018;38,5607;38,3135;38,4018;;
03.07.2020;37,9989;38,2573;37,6693;38,1326;;
02.07.2020;37,4712;38,056;37,2586;37,9497;;
01.07.2020;37,7857;37,9107;36,6161;37,5446;;
30.06.2020;37,0066;37,1138;36,4887;36,7387;;
29.06.2020;35,8915;37,1322;35,4661;36,9018;;
26.06.2020;36,7163;37,2603;35,9226;36,3863;;
25.06.2020;35,4464;37;35,2232;36,6964;;
24.06.2020;37,961;37,9965;35,1152;35,8156;;
23.06.2020;38,1958;38,8319;37,542;37,5508;;
22.06.2020;37,7062;38,2146;37,2692;38,1521;;
19.06.2020;37,5022;38,2872;36,6191;37,5825;;
18.06.2020;36,2948;36,9988;36,1433;36,8562;;
17.06.2020;36,1467;36,9213;35,8173;36,2803;;
16.06.2020;34,9664;36,8412;34,9664;36,116;;
15.06.2020;33,3067;35,1728;33,2089;35,0751;;
12.06.2020;33,0502;34,8903;32,8733;34,1561;;
11.06.2020;35,5922;35,9094;33,4156;34,0941;;
10.06.2020;35,7011;36,4747;35,2527;36,4396;;
09.06.2020;36,1874;36,2139;35,2754;35,8952;;
08.06.2020;38,0416;38,0948;36,1099;36,2694;;
05.06.2020;35,6222;37,4492;35,5869;37,4051;;
04.06.2020;34,8622;35,5556;34,7022;35,4667;;
03.06.2020;35,9836;36,0282;34,6168;35,3493;;
02.06.2020;34,7145;35,4215;34,5803;35,2515;;
29.05.2020;30,9896;31,4745;30,5585;31,4655;;
28.05.2020;30,9368;32,6344;30,5102;32,2803;;
27.05.2020;32,3264;32,6904;31,1437;31,726;;
26.05.2020;32,9841;33,4396;32,0911;32,5285;;
25.05.2020;32,1815;32,9789;32,0532;32,5848;;
22.05.2020;31,5664;32,2726;30,9519;32,0341;;
21.05.2020;32,7636;33,6273;32,4636;32,6818;;
20.05.2020;31,6937;33,2177;31,3743;32,4512;;
19.05.2020;32,2831;32,3105;31,2329;31,5525;;
18.05.2020;31,2777;32,9764;30,973;32,2655;;
15.05.2020;29,7092;30,3297;28,9035;30,2186;;
14.05.2020;27,5204;28,9103;27,4185;28,6694;;
13.05.2020;26,869;28,0736;26,5747;26,8874;;
12.05.2020;27,6754;28,2925;27,3071;27,7123;;
11.05.2020;27,6238;29,065;27,476;27,5222;;
08.05.2020;27,7967;28,0919;27,2249;27,9996;;
07.05.2020;27,2002;29,528;27,126;27,7381;;
06.05.2020;28,6111;29,5642;26,5291;27,0195;;
05.05.2020;26,8837;28,5345;26,4226;28,2671;;
04.05.2020;23,4692;24,8492;23,3595;24,4654;;
30.04.2020;22,2049;23,6852;22,1865;22,9588;;
29.04.2020;19,7288;21,9701;19,2031;20,9924;;
28.04.2020;17,8266;19,5826;17,7623;18,7828;;
27.04.2020;18,7154;19,3236;17,9598;18,4482;;
24.04.2020;19,9167;20,7685;18,9907;20,5093;;
23.04.2020;19,9406;21,3981;19,8292;20,6461;;
22.04.2020;15,9658;20,6497;15,6529;18,6344;;
21.04.2020;19,5995;20,2362;16,213;16,4713;;
20.04.2020;25,2026;25,2855;23,9227;24,1436;;
17.04.2020;25,6169;26,5654;25,3959;26,418;;
16.04.2020;25,3582;26,6256;24,9449;25,2388;;
15.04.2020;26,6532;26,8091;24,8922;25,6902;;
14.04.2020;28,4685;29,0067;26,7901;26,8266;;
09.04.2020;31,177;33,4959;29,6586;29,7322;;
08.04.2020;29,8777;30,034;29,013;29,6201;;
07.04.2020;30,859;31,3551;29,6922;29,6922;;
06.04.2020;31,3317;31,3502;29,5524;30,5162;;
03.04.2020;28,076;32,3505;28,076;31,3027;;
02.04.2020;24,9221;30,9004;23,8034;26,8384;;
01.04.2020;22,9609;23,5278;22,4396;22,7963;;
31.03.2020;21,3582;21,7871;20,5732;20,7466;;
30.03.2020;20,9806;20,9987;19,603;19,7934;;
27.03.2020;23,7497;23,777;22,0097;22,3558;;
26.03.2020;23,996;25,1525;23,9049;24,1235;;
25.03.2020;25,4641;25,5842;23,8478;25,2979;;
24.03.2020;26,0445;26,2197;24,5781;24,947;;
23.03.2020;23,7967;25,3918;23,2959;25,1971;;
20.03.2020;28,5608;28,6075;25,021;25,4413;;
19.03.2020;25,1273;27,0253;23,4145;26,5346;;
18.03.2020;25,7911;25,8643;22,398;23,6876;;
17.03.2020;27,1535;27,8547;25,9607;26,0517;;
16.03.2020;27,5074;27,9197;26,5215;27,0144;;
13.03.2020;31,0699;32,2226;29,737;30,5836;;
12.03.2020;30,0623;30,5961;28,8968;29,3683;;
11.03.2020;31,916;32,3836;31,1838;31,6778;;
10.03.2020;32,1598;33,5645;31,5979;33,0026;;
09.03.2020;31,4944;31,7999;29,5566;30,3684;;
06.03.2020;43,4368;43,4898;39,97;40,561;;
05.03.2020;45,9819;46,3216;44,7484;44,8467;;
04.03.2020;46,5708;47,6764;45,8517;46,4899;;
03.03.2020;47,3509;48,3584;46,2445;46,2805;;
02.03.2020;46,3226;47,0689;44,929;46,898;;
28.02.2020;46,5792;46,7887;45,6227;45,9506;;
27.02.2020;48,1302;48,4495;46,4976;47,0175;;
26.02.2020;50,0782;50,8322;48,7632;48,7816;;
25.02.2020;52,3524;52,417;50,7472;50,8395;;
24.02.2020;52,2832;52,3849;50,9336;51,6546;;
21.02.2020;54,0691;54,5135;53,421;54,0691;;
20.02.2020;54,7081;55,5792;54,569;55,0046;;
19.02.2020;53,8333;55,0093;53,6944;54,787;;
18.02.2020;52,4963;53,2452;52,034;53,1897;;
17.02.2020;52,7919;53,2626;52,6627;53,1795;;
14.02.2020;52,1214;53,0806;51,9185;52,684;;
13.02.2020;50,8144;52,2867;50,5567;51,615;;
12.02.2020;50,6139;51,576;50,3299;51,1636;;
11.02.2020;49,3716;50,1697;49,2799;49,6376;;
10.02.2020;49,5023;49,7671;48,4613;48,5161;;
07.02.2020;50,1504;50,5242;49,3846;49,6581;;
06.02.2020;50,359;50,568;49,2775;49,7046;;
05.02.2020;49,1518;51,2383;49,0973;50,5126;;
04.02.2020;49,3936;50,3802;49,2035;49,3302;;
03.02.2020;50,9308;51,3103;49,0331;49,4578;;
31.01.2020;53,2935;53,5107;52,3978;52,5154;;
30.01.2020;53,314;53,5769;52,3166;52,4889;;
29.01.2020;54,5132;55,1041;53,8133;54,2042;;
28.01.2020;53,6574;54,6025;53,1667;54,0482;;
27.01.2020;54,0317;54,2132;53,0522;53,7687;;
24.01.2020;56,4295;56,502;54,5718;54,8165;;
23.01.2020;56,2528;56,4872;55,2069;55,6217;;
22.01.2020;57,8463;58,0628;56,746;57,188;;
21.01.2020;58,0567;58,5245;57,6158;58,3086;;
20.01.2020;58,8724;59,0979;58,5747;58,7912;;
17.01.2020;58,3543;58,6514;58,0483;58,1473;;
16.01.2020;57,5253;58,161;57,203;57,964;;
15.01.2020;57,6467;58,0057;57,0275;57,4044;;
14.01.2020;57,7508;58,5155;57,5169;58,3356;;
13.01.2020;58,4037;58,6824;57,433;57,9004;;
10.01.2020;58,8495;59,2102;58,4708;58,8856;;
09.01.2020;59,3429;59,4149;58,0648;58,9739;;
08.01.2020;61,6554;62,0423;58,4525;58,4525;;
07.01.2020;61,2513;61,5467;60,5621;61,0455;;
06.01.2020;62,5692;62,7747;61,2292;61,5508;;
03.01.2020;61,2721;62,3127;60,7069;61,1914;;
02.01.2020;59,2603;59,3853;58,6974;58,9922;;
31.12.2019;59,5514;59,5781;59,5158;59,5781;;
30.12.2019;61,0421;61,6498;60,8902;61,1583;;
27.12.2019;61,0598;61,2571;60,5487;61,1046;;
23.12.2019;59,6208;60,0993;59,4673;60,0813;;
20.12.2019;60,0252;60,1153;59,2683;59,5386;;
19.12.2019;59,5304;60,0432;59,3865;59,8273;;
18.12.2019;59,2533;59,7481;58,9744;59,5142;;
17.12.2019;58,6006;59,3532;58,305;59,2457;;
16.12.2019;58,6488;58,909;58,3976;58,613;;
13.12.2019;57,9112;58,8241;57,7143;57,8665;;
12.12.2019;57,4571;58,2473;57,3314;57,7983;;
11.12.2019;57,7427;58,0316;56,8578;57,6524;;
10.12.2019;57,9038;58,4274;57,5607;58,1114;;
09.12.2019;57,8871;58,2393;57,4176;57,9233;;
06.12.2019;57,0308;58,455;56,6252;57,9142;;
05.12.2019;56,7153;57,6077;56,5982;57,157;;
04.12.2019;55,1575;57,3053;55,0672;57,1519;;
03.12.2019;55,1983;55,5686;54,4305;55,135;;
02.12.2019;55,5112;56,3368;55,0939;55,2028;;
29.11.2019;58,0769;58,1406;56,7747;56,8385;;
28.11.2019;57,91;58,1645;57,4012;58,0918;;
27.11.2019;58,3068;58,7065;57,6619;58,2069;;
26.11.2019;57,7223;58,3848;57,559;58,3212;;
25.11.2019;57,8579;57,9578;57,1766;57,8398;;
22.11.2019;57,7229;58,1118;56,9362;57,5421;;
21.11.2019;55,9823;57,7405;55,82;57,4881;;
20.11.2019;54,6523;56,8135;54,4986;56,3885;;
19.11.2019;56,1885;56,4954;54,7711;54,9788;;
18.11.2019;57,2823;57,3728;55,9986;56,2607;;
15.11.2019;56,5978;57,6853;55,9181;57,4588;;
14.11.2019;57,1338;57,4793;56,4972;56,77;;
13.11.2019;56,0967;56,9962;55,6151;56,7781;;
12.11.2019;56,6773;57,0676;56,1507;56,3867;;
11.11.2019;56,0819;56,8698;55,7558;56,3355;;
08.11.2019;55,9634;56,8334;55,0027;56,7247;;
07.11.2019;56,035;56,7302;55,9628;56,1253;;
06.11.2019;56,2669;57,0334;55,5455;55,807;;
05.11.2019;56,0537;56,8548;55,9366;56,6298;;
04.11.2019;55,1264;56,2646;55,0547;55,6999;;
01.11.2019;53,3441;55,4718;53,3262;55,4718;;
31.10.2019;54,6441;54,8234;53,8193;53,9627;;
30.10.2019;55,5736;55,7717;54,394;54,5291;;
29.10.2019;55,151;55,836;54,6462;55,4935;;
28.10.2019;55,7319;56,2641;55,1817;55,5155;;
25.10.2019;55,3885;55,9107;54,8483;55,8657;;
24.10.2019;54,8796;55,6434;54,4662;55,3648;;
23.10.2019;53,4928;55,12;52,9084;54,8593;;
22.10.2019;53,3154;54,1599;53,1267;53,558;;
21.10.2019;53,1818;53,2713;52,1436;52,8685;;
18.10.2019;53,6432;54,1098;52,9253;53,2125;;
17.10.2019;53,172;53,9638;52,803;53,8648;;
16.10.2019;53,424;54,195;52,9252;53,8957;;
15.10.2019;53,6749;54,211;52,6937;53,5114;;
14.10.2019;54,1202;54,4919;53,0596;53,7123;;
11.10.2019;54,6953;54,9398;53,7626;54,7768;;
10.10.2019;52,7833;53,8078;52,3935;53,7171;;
09.10.2019;52,8731;54,0388;52,7365;53,0917;;
08.10.2019;53,4681;53,6592;52,2119;52,7307;;
07.10.2019;52,9974;54,2982;52,9337;53,1793;;
04.10.2019;52,6733;53,7116;52,5184;53,1378;;
03.10.2019;52,5523;52,9358;51,2739;52,5979;;
02.10.2019;54,0778;54,2243;52,357;52,7231;;
01.10.2019;54,5146;55,1569;53,5878;54,0925;;
30.09.2019;56,5892;56,6443;55,7443;55,7719;;
27.09.2019;57,0462;57,3754;55,5738;56,5524;;
26.09.2019;56,8934;57,5242;56,1986;57,3048;;
25.09.2019;56,8749;56,9295;55,7367;56,8476;;
24.09.2019;58,2659;58,4931;56,7663;56,8481;;
23.09.2019;58,7893;59,0077;57,8334;58,6527;;
20.09.2019;58,7579;59,1931;58,0598;58,6129;;
19.09.2019;57,4591;59,2482;57,4139;58,3175;;
18.09.2019;58,509;58,5633;57,0614;57,4324;;
17.09.2019;62,1803;62,7698;57,8632;58,1807;;
16.09.2019;59,224;63,1312;58,807;61,6263;;
13.09.2019;54,2898;54,7945;53,695;54,3169;;
12.09.2019;55,5961;55,8333;53,7627;55,0579;;
11.09.2019;57,0844;57,4843;55,0123;55,4849;;
10.09.2019;56,7482;57,7446;56,3043;56,567;;
09.09.2019;56,2494;57,1105;55,8416;56,8386;;
06.09.2019;55,2734;56,1077;53,8768;55,7813;;
05.09.2019;54,7839;56,3936;54,5035;54,9919;;
04.09.2019;53,1766;55,3276;52,868;55,0463;;
03.09.2019;53,3967;53,4607;52,3087;53,287;;
02.09.2019;53,9296;53,9934;52,9632;53,4282;;
30.08.2019;55,0199;55,3914;54,5759;54,739;;
29.08.2019;54,4617;55,2655;54,254;55,112;;
28.08.2019;54,0467;55,0212;53,9385;54,5249;;
27.08.2019;53,0079;53,7104;52,6477;53,5933;;
26.08.2019;53,2566;54,0842;52,6808;52,9687;;
23.08.2019;54,3696;54,4148;52,7158;53,3936;;
22.08.2019;54,3264;54,958;53,6588;54,0467;;
21.08.2019;54,3138;55,2954;54,1517;54,3318;;
20.08.2019;53,9364;54,4511;53,2051;54,1441;;
19.08.2019;53,5081;53,9584;52,9046;53,8503;;
16.08.2019;53,178;53,7198;52,6002;52,9433;;
15.08.2019;53,2197;53,3094;51,7399;52,2511;;
14.08.2019;54,2814;54,4691;52,0468;52,9943;;
13.08.2019;51,8624;54,812;51,6575;54,607;;
12.08.2019;52,2155;52,5996;51,6705;52,2512;;
09.08.2019;51,2502;52,7862;51,1966;52,0986;;
08.08.2019;51,4965;51,7466;50,7103;51,4875;;
07.08.2019;52,446;52,7317;49,8661;51,1962;;
06.08.2019;53,9019;53,9823;52,5789;52,7666;;
05.08.2019;54,5162;55,008;53,3536;53,4788;;
02.08.2019;55,5646;56,6361;55,1864;55,2494;;
01.08.2019;58,4126;58,467;54,3717;55,3683;;
31.07.2019;58,4253;58,6315;58,2997;58,4073;;
30.07.2019;57,5399;58,284;57,2709;58,1585;;
29.07.2019;56,6238;57,4422;56,5878;57,3883;;
26.07.2019;56,9851;57,4071;56,608;56,8684;;
25.07.2019;56,9861;57,8048;56,8691;56,9231;;
24.07.2019;57,4147;58,07;56,2208;56,6517;;
23.07.2019;56,914;57,3436;56,0637;57,272;;
22.07.2019;56,5047;57,1021;55,9964;56,576;;
19.07.2019;55,9594;56,3157;55,0864;55,5496;;
18.07.2019;56,9187;57,4536;54,6362;55,6883;;
17.07.2019;57,6282;58,2078;56,6028;56,683;;
16.07.2019;59,2266;59,7879;56,8832;57,8811;;
15.07.2019;59,1801;59,8722;58,7452;58,7452;;
12.07.2019;59,5041;59,7885;59,1131;59,3797;;
11.07.2019;59,6987;59,9734;58,848;59,1493;;
10.07.2019;58,1283;59,8217;58,0749;59,5098;;
09.07.2019;57,0995;57,7867;56,9835;57,4029;;
08.07.2019;57,3785;58,0651;56,8435;56,9683;;
05.07.2019;56,2522;57,3002;55,8526;57,0959;;
04.07.2019;55,9089;56,6354;55,8026;55,9621;;
03.07.2019;55,4237;56,6457;54,9633;56,6191;;
02.07.2019;57,809;57,8444;55,0659;55,4199;;
01.07.2019;58,6572;58,8069;56,6129;57,3971;;
28.06.2019;58,2425;58,717;58,1019;58,4446;;
27.06.2019;58,0915;58,7423;57,7045;58,2674;;
26.06.2019;58,2028;58,8101;57,7451;58,3348;;
25.06.2019;56,7791;57,543;56,4805;57,1303;;
24.06.2019;57,6268;57,6268;56,2577;56,951;;
21.06.2019;57,4054;58,1036;57,1403;57,7413;;
20.06.2019;56,1864;57,2654;55,7973;56,9382;;
19.06.2019;55,6795;55,7776;54,7783;55,6259;;
18.06.2019;54,0091;56,1366;53,8661;55,6986;;
17.06.2019;54,9849;55,2697;54,068;54,3173;;
14.06.2019;54,6028;55,5526;53,9103;55,0377;;
13.06.2019;54,8853;55,4788;53,8843;54,2918;;
12.06.2019;54,0581;54,2171;52,6186;52,7864;;
11.06.2019;55,3269;55,4594;54,7615;55;;
10.06.2019;56,2428;56,4286;54,9066;55,1367;;
07.06.2019;55,6019;56,3825;54,7858;56,072;;
06.06.2019;54,0032;55,3701;53,5328;55,308;;
05.06.2019;54,6771;55,3167;0,0178;53,8509;;
04.06.2019;54,2778;55,2383;53,5575;55,016;;
03.06.2019;55,7354;56,1913;54,1886;54,3138;;
31.05.2019;59,1158;59,2413;57,7078;57,8962;;
30.05.2019;62,6459;62,8256;59,5384;59,8347;;
29.05.2019;62,2625;62,4328;61,0075;62,1997;;
28.05.2019;62,3928;63,054;62,1694;62,3749;;
27.05.2019;61,3056;62,6719;61,1895;62,5022;;
24.05.2019;61,2497;61,7949;60,1949;61,7771;;
23.05.2019;63,3001;63,3181;60,158;60,9839;;
22.05.2019;64,1482;64,5063;63,0114;63,3157;;
21.05.2019;64,6268;64,9494;64,1609;64,6985;;
20.05.2019;65,5413;65,5951;64,0996;64,5384;;
17.05.2019;65,0018;65,5478;64,2678;64,5184;;
16.05.2019;64,3488;65,4557;64,1168;64,8844;;
15.05.2019;63,4445;64,5802;62,9974;64,3566;;
14.05.2019;62,7472;63,8072;62,284;63,3975;;
13.05.2019;63,3081;64,5442;62,0009;62,1343;;
10.05.2019;63,1077;63,3037;62,5735;62,894;;
09.05.2019;62,1996;63,1019;62,1102;62,7446;;
08.05.2019;62,8281;63,1048;61,8729;62,6138;;
07.05.2019;63,4153;63,4958;62,0295;62,1815;;
06.05.2019;62,0948;64,1129;62,0948;63,9254;;
03.05.2019;63,2273;64,1237;62,6983;63,4424;;
02.05.2019;63,9493;64,0653;62,2369;62,8345;;
30.04.2019;64,3787;65,3058;64,1647;64,8779;;
29.04.2019;64,4484;65,0314;63,7489;64,5919;;
26.04.2019;66,5589;66,8283;64,0259;64,3762;;
25.04.2019;67,4368;67,9583;66,5288;66,7176;;
24.04.2019;66,0987;66,6875;66,0273;66,5091;;
23.04.2019;66,1805;66,4384;65,7803;66,2161;;
18.04.2019;63,5556;64,0356;63,2711;63,9467;;
17.04.2019;63,6669;63,9589;63,2333;63,3307;;
16.04.2019;62,7245;63,5117;62,5652;63,4498;;
15.04.2019;62,7243;63,1221;62,5564;62,9718;;
12.04.2019;62,7506;63,4838;62,627;63,1658;;
11.04.2019;63,4233;63,5032;62,6598;62,9972;;
10.04.2019;62,7804;63,6315;62,6651;63,4985;;
09.04.2019;62,9245;63,2704;62,3481;62,6585;;
08.04.2019;62,7957;63,3025;62,6089;63,1869;;
05.04.2019;61,6131;62,7348;61,3282;62,6903;;
04.04.2019;61,6009;62,4298;61,3869;61,6989;;
03.04.2019;62,0742;62,2343;61,1758;61,7362;;
02.04.2019;61,6786;62,0982;61,3393;62,0089;;
01.04.2019;60,7512;61,5789;60,68;61,4899;;
29.03.2019;60,5429;61,3084;60,4361;60,8634;;
28.03.2019;60,2157;60,6258;59,3065;60,599;;
27.03.2019;60,492;60,6962;59,6483;60,2167;;
26.03.2019;59,8441;60,4021;59,7378;60,1984;;
25.03.2019;59,0464;59,7174;58,7638;59,3907;;
22.03.2019;59,9009;59,9009;58,6268;58,7507;;
21.03.2019;59,928;60,3232;59,3308;59,4186;;
20.03.2019;59,6178;60,3488;59,1774;60,1286;;
19.03.2019;59,6672;60,037;59,1565;59,588;;
18.03.2019;59,3092;59,6528;58,8774;59,4414;;
15.03.2019;59,7188;59,9045;58,4719;59,2678;;
14.03.2019;60,2036;60,3099;59,3625;59,4688;;
13.03.2019;59,1878;59,931;59,1436;59,8868;;
12.03.2019;59,6186;59,7339;58,8736;59,2639;;
11.03.2019;59,1249;59,3739;58,7602;59,2138;;
08.03.2019;58,412;58,6705;57,0665;58,6437;;
07.03.2019;58,6638;59,4268;58,3533;58,6638;;
06.03.2019;57,9567;58,5405;57,7621;58,3016;;
05.03.2019;57,728;58,3988;57,419;57,9663;;
04.03.2019;57,6784;58,4987;57,3873;57,8901;;
01.03.2019;58,7016;58,7455;56,7425;57,0324;;
28.02.2019;57,8048;57,9713;57,5245;57,8399;;
27.02.2019;57,518;58,5895;57,3336;58,2558;;
26.02.2019;57,0196;57,7238;56,9844;57,4949;;
25.02.2019;58,8639;59,3131;56,8208;56,9089;;
22.02.2019;59,3377;59,7969;59,0905;59,1347;;
21.02.2019;59,1157;59,2655;58,7722;58,9484;;
20.02.2019;58,5787;59,3987;57,8646;59,0637;;
19.02.2019;58,8897;59,0048;58,0485;58,8985;;
18.02.2019;58,8012;58,9601;58,1833;58,7218;;
15.02.2019;57,611;58,9876;57,2114;58,881;;
14.02.2019;57,011;57,5169;56,23;57,3571;;
13.02.2019;55,701;56,5856;55,5595;56,3114;;
12.02.2019;54,7893;56,0464;54,6742;55,2762;;
11.02.2019;54,5672;55,1066;53,8598;54,3373;;
08.02.2019;54,0719;54,9533;54,0102;54,7153;;
07.02.2019;54,8524;55,4517;53,4685;54,3764;;
06.02.2019;54,1776;55,108;53,6072;54,9412;;
05.02.2019;54,6704;55,1869;54,0138;54,4778;;
04.02.2019;55,0896;55,5963;53,6129;54,7925;;
01.02.2019;52,8812;54,8862;52,8114;54,7903;;
31.01.2019;54,0477;54,0651;53,7779;53,891;;
30.01.2019;53,513;54,8342;53,4167;54,7117;;
29.01.2019;52,4777;54,0361;52,3113;53,5545;;
28.01.2019;52,9778;53,2493;52,1019;52,5749;;
25.01.2019;54,2658;54,5126;53,5167;54,2129;;
24.01.2019;53,5843;54,2016;53,2493;53,8841;;
23.01.2019;54,2359;54,8078;53,0571;53,5849;;
22.01.2019;54,8265;54,9234;53,3556;54,1571;;
21.01.2019;55,1223;55,5888;54,8143;55,2984;;
18.01.2019;54,2449;55,2359;53,8239;54,964;;
17.01.2019;53,4661;54,0014;52,6676;53,6767;;
16.01.2019;53,3848;53,9556;52,6736;53,8765;;
15.01.2019;52,1884;53,2388;51,777;53,055;;
14.01.2019;52,2281;52,7688;51,3648;51,5479;;
11.01.2019;53,8108;54,1576;52,0766;52,4408;;
10.01.2019;52,5011;53,6454;52,3624;53,3507;;
09.01.2019;51,8638;53,8018;51,5583;53,5749;;
08.01.2019;50,201;51,4598;50,1486;51,285;;
07.01.2019;50,7907;51,4985;50,0131;50,3189;;
04.01.2019;49,6185;51,1444;49,6098;50,285;;
03.01.2019;47,7617;49,5858;47,7088;49,2598;;
02.01.2019;46,7228;49,592;46,0648;48,311;;
31.12.2018;47,5459;47,8777;46,9345;47,7118;;
28.12.2018;46,4816;46,726;45,1021;45,5823;;
27.12.2018;47,2796;47,3939;45,6711;46,6907;;
21.12.2018;48,055;48,2215;46,2415;46,8723;;
20.12.2018;48,6246;49,1573;47,664;48,0045;;
19.12.2018;49,6449;50,9338;49,1363;49,7063;;
18.12.2018;51,4107;51,903;49,1078;49,3452;;
17.12.2018;53,2052;53,9635;51,7238;51,8561;;
14.12.2018;54,0806;54,5148;53,1148;53,3097;;
13.12.2018;52,9417;54,5247;52,2294;54,2433;;
12.12.2018;53,4726;54,1689;52,8644;53,0055;;
11.12.2018;52,6936;53,6866;52,3332;52,9572;;
10.12.2018;53,8031;53,8818;52,1488;52,3501;;
07.12.2018;52,9681;55,9581;52,0007;54,1377;;
06.12.2018;53,9512;53,9512;51,4756;53,0526;;
05.12.2018;53,7256;55,7513;53,6287;54,3069;;
04.12.2018;54,7287;55,7455;53,9574;53,9925;;
03.12.2018;54,5888;55,0035;53,5034;54,6594;;
30.11.2018;52,5574;52,6543;51,2545;51,6243;;
29.11.2018;51,3305;53,0254;50,505;52,2174;;
28.11.2018;53,7319;53,8454;51,8876;52,1624;;
27.11.2018;53,0356;54,2057;51,9871;53,4814;;
26.11.2018;52,7849;53,8042;52,4124;53,3458;;
23.11.2018;54,4714;54,8433;51,4682;52,0998;;
22.11.2018;55,1055;55,9765;54,7888;54,8414;;
21.11.2018;55,6305;56,517;54,9535;55,5185;;
20.11.2018;58,1476;58,4557;54,0496;54,6039;;
19.11.2018;58,8452;59,0245;57,1598;58,2916;;
16.11.2018;59,6035;60,2737;58,3136;58,9594;;
15.11.2018;58,6323;59,6226;58,1577;59,068;;
14.11.2018;57,9765;59,8499;57,7666;58,8114;;
13.11.2018;61,7261;61,7993;57,8381;57,8604;;
12.11.2018;63,6919;63,7987;62,3009;62,493;;
09.11.2018;61,3705;62,0657;61,0165;61,9115;;
08.11.2018;63,3335;63,9911;61,7932;62,194;;
07.11.2018;62,5417;64,0182;62,1027;62,789;;
06.11.2018;63,6649;64,1032;62,3002;63,0611;;
05.11.2018;63,8183;65,1876;63,5504;64,5885;;
02.11.2018;63,7517;64,2067;63,4179;63,7869;;
01.11.2018;65,4196;65,808;63,709;63,8515;;
31.10.2018;67,8053;67,9623;66,5776;66,6473;;
30.10.2018;67,7336;67,9896;66,0454;66,8941;;
29.10.2018;67,5541;68,369;67,4723;67,7379;;
26.10.2018;67,1245;68,6375;66,7634;68,5633;;
25.10.2018;66,3855;67,3758;66,1377;67,3281;;
24.10.2018;67,0565;68,0985;65,9889;67,3203;;
23.10.2018;69,2308;69,2446;66,0851;66,4417;;
22.10.2018;69,8667;69,951;68,7708;69,553;;
19.10.2018;69,6534;70,4919;69,3184;69,4033;;
18.10.2018;69,4389;69,5654;68,3847;68,9456;;
17.10.2018;70,7578;71,0078;68,6607;69,3737;;
16.10.2018;69,5338;70,5713;68,8693;70,4656;;
15.10.2018;70,0429;70,3552;68,9444;69,6296;;
12.10.2018;70,2758;70,4027;68,4562;69,1807;;
11.10.2018;70,9371;71,2148;69,5476;69,5932;;
10.10.2018;73,8454;74,0284;72,155;72,446;;
09.10.2018;73,8959;74,7136;73,3174;74,3904;;
08.10.2018;72,4733;73,1647;71,9881;72,9591;;
05.10.2018;73,7811;73,9491;73,0571;73,3963;;
04.10.2018;74,9534;75,1493;73,1489;73,4186;;
03.10.2018;73,5666;75,1121;72,7461;74,4622;;
02.10.2018;73,7189;73,9669;73,0457;73,2942;;
01.10.2018;71,384;73,0425;71,1137;72,925;;
28.09.2018;70,6253;71,615;70,5364;71,3911;;
27.09.2018;70,2768;70,4231;69,4511;69,7723;;
26.09.2018;69,8678;70,0488;69,0922;69,2116;;
25.09.2018;69,23;70,0656;69,1528;69,3869;;
24.09.2018;68,3082;68,744;68,1666;68,3026;;
21.09.2018;67,0472;68,0909;66,5263;66,9493;;
20.09.2018;67,6945;67,8097;66,6827;66,7981;;
19.09.2018;67,9124;68,1104;67,2603;68,0474;;
18.09.2018;66,3138;68,1259;66,2497;67,413;;
17.09.2018;67,1463;67,6125;66,5835;66,7257;;
14.09.2018;66,9857;67,5092;66,171;66,8292;;
13.09.2018;68,2927;68,4937;67,0097;67,3765;;
12.09.2018;68,423;69,1375;67,9524;68,8236;;
11.09.2018;67,1659;68,5159;67,011;68,3984;;
10.09.2018;66,9499;67,3432;66,4329;66,8743;;
07.09.2018;65,8562;66,3709;65,3002;66,3094;;
06.09.2018;66,4204;66,865;64,9884;65,8767;;
05.09.2018;66,9823;67,2198;66,4511;66,7255;;
04.09.2018;67,6522;68,968;67,3257;67,768;;
03.09.2018;67,0946;67,5742;67,0246;67,2198;;
31.08.2018;66,5292;66,7789;66,0802;66,4594;;
30.08.2018;66,1672;66,7789;66,0479;66,479;;
29.08.2018;64,9437;66,3923;64,8735;66,3535;;
28.08.2018;65,1682;65,7207;64,6486;64,8982;;
27.08.2018;65,0438;65,6378;64,7965;65,6021;;
24.08.2018;64,833;65,9318;64,8115;65,2397;;
23.08.2018;64,3807;64,6428;64,0648;64,5832;;
22.08.2018;62,8691;64,5908;62,7962;64,3041;;
21.08.2018;62,6992;63,424;62,6363;63,1341;;
20.08.2018;62,9342;63,7135;62,8208;63,1935;;
17.08.2018;62,7571;63,6513;62,671;62,9747;;
16.08.2018;62,4697;62,8731;62,0564;62,6603;;
15.08.2018;63,8586;63,9326;62,0912;62,6659;;
14.08.2018;63,9938;64,8265;63,3381;63,6675;;
13.08.2018;63,6114;64,12;62,2766;63,4224;;
10.08.2018;62,5281;63,8659;62,2998;63,6738;;
09.08.2018;62,2546;62,8786;61,975;62,0658;;
08.08.2018;64,3439;64,5829;61,8386;62,3081;;
07.08.2018;63,9415;64,5647;63,8062;64,2731;;
06.08.2018;63,5971;64,5031;63,5402;63,816;;
03.08.2018;63,3888;63,6483;62,5194;63,2852;;
02.08.2018;62,6979;63,4809;61,8159;63,1537;;
01.08.2018;63,2769;63,2809;61,8229;62,03;;
31.07.2018;63,6102;64,0125;63,1456;63,2255;;
30.07.2018;63,6995;64,433;63,575;64,0359;;
27.07.2018;64,0465;64,3977;63,5068;63,7408;;
26.07.2018;63,4903;63,8593;62,9359;63,703;;
25.07.2018;63,3761;63,5747;62,4871;63,1951;;
24.07.2018;62,4182;63,2342;62,1334;62,7883;;
23.07.2018;62,2673;63,513;61,8847;62,2914;;
20.07.2018;62,3889;62,9633;61,9607;62,6859;;
19.07.2018;62,7841;63,6714;61,9934;62,4235;;
18.07.2018;61,7197;63,1098;61,3152;62,8889;;
17.07.2018;61,1312;62,0636;61,1022;61,4449;;
16.07.2018;63,8311;64,313;61,0206;61,3431;;
13.07.2018;63,6849;65,2197;62,8656;64,4076;;
12.07.2018;63,7497;64,3979;62,5251;63,6938;;
11.07.2018;66,6867;66,7461;63,3453;63,4268;;
10.07.2018;67,0943;67,8963;66,9517;67,3804;;
09.07.2018;65,8065;66,4167;65,6423;66,3786;;
06.07.2018;65,893;66,0064;65,1115;65,7707;;
05.07.2018;66,6154;66,9967;66,0177;66,2984;;
04.07.2018;67,0033;67,2559;66,6421;67,1465;;
03.07.2018;66,7335;67,2818;65,7274;66,5276;;
02.07.2018;67,4823;67,8243;66,2789;66,3713;;
29.06.2018;66,7282;68,3611;66,6083;68,0866;;
28.06.2018;66,8003;67,6718;66,7164;66,9782;;
27.06.2018;66,0748;67,293;65,6806;66,4908;;
26.06.2018;64,1446;65,6438;63,4792;65,3798;;
25.06.2018;63,7311;64,1635;63,0725;63,9968;;
22.06.2018;63,4867;64,5747;63,2537;64,507;;
21.06.2018;64,149;64,3256;63,1794;63,283;;
20.06.2018;65,1559;65,5292;63,976;64,2309;;
19.06.2018;64,6763;65,4927;64,5304;65,1353;;
18.06.2018;62,9226;64,9905;62,8015;64,8276;;
15.06.2018;65,3973;65,3998;63,0236;63,115;;
14.06.2018;65,11;65,5721;64,5644;64,7488;;
13.06.2018;64,0395;65,3567;63,9539;65,1371;;
12.06.2018;65,1457;65,4007;64,1697;64,2643;;
11.06.2018;64,4827;65,1524;64,0754;64,7631;;
08.06.2018;65,3614;65,5801;64,7819;65,0049;;
07.06.2018;64,0382;65,3845;63,7846;65,2833;;
06.06.2018;64,5873;64,7089;63,3248;64,4522;;
05.06.2018;64,6791;64,8899;63,2051;64,4305;;
04.06.2018;65,4004;65,588;64,0481;64,1695;;
01.06.2018;66,6037;66,8211;65,3999;65,6108;;
31.05.2018;65,9825;67,2603;65,8124;66,2362;;
30.05.2018;64,7536;66,8405;64,6134;66,7937;;
29.05.2018;65,2651;65,9261;64,4589;65,1948;;
28.05.2018;64,8331;64,9711;64,3081;64,6413;;
25.05.2018;67,1756;67,2471;65,0857;65,1364;;
24.05.2018;67,7082;67,8487;66,9711;67,1178;;
23.05.2018;67,5075;68,1906;66,8029;68,0422;;
22.05.2018;67,5284;68,2443;67,0991;67,3205;;
21.05.2018;67,1231;67,6295;66,3919;67,5321;;
18.05.2018;67,4496;67,7732;66,4641;66,719;;
17.05.2018;67,2644;68,2001;67,013;67,2217;;
16.05.2018;66,345;67,3334;65,8689;67,2783;;
15.05.2018;65,8057;66,8494;65,5209;65,8135;;
14.05.2018;63,9964;65,4348;63,8316;65,371;;
11.05.2018;64,7578;65,0024;64,4584;64,4986;;
10.05.2018;65,4401;65,5875;64,4115;65,1596;;
09.05.2018;64,5443;65,1585;64,4147;64,987;;
08.05.2018;63,6611;64,1783;61,6238;63,7283;;
07.05.2018;63,4424;64,1238;63,0451;63,2879;;
04.05.2018;61,4335;62,7189;61,1713;62,5901;;
03.05.2018;61,1495;61,7733;60,4349;61,4888;;
02.05.2018;61,1346;61,3117;60,2731;60,8732;;
30.04.2018;61,3657;62,4427;60,7711;62,2562;;
27.04.2018;61,6495;62,1492;61,608;61,6937;;
26.04.2018;61,11;61,6216;60,8885;61,4552;;
25.04.2018;60,6452;60,8963;60,0649;60,6698;;
24.04.2018;61,4802;61,8028;60,3417;60,5325;;
23.04.2018;60,4332;61,372;59,746;61,3165;;
20.04.2018;59,9152;60,2606;59,1819;59,907;;
19.04.2018;59,6457;60,3654;59,339;59,5086;;
18.04.2018;58,2465;59,6617;58,083;59,6098;;
17.04.2018;58,0257;58,1932;57,3036;57,8958;;
16.04.2018;57,7641;58,4023;57,4813;57,8312;;
13.04.2018;58,3117;59,1595;58,1209;58,8262;;
12.04.2018;58,2637;58,682;57,6839;58,2589;;
11.04.2018;57,0772;58,9432;56,9977;58,1095;;
10.04.2018;56,3064;57,7117;56,1188;57,5788;;
09.04.2018;54,7592;55,9191;54,6542;55,7129;;
06.04.2018;55,4586;56,1005;54,6308;54,7858;;
05.04.2018;55,7171;56,2075;55,2219;55,7993;;
04.04.2018;55,2756;55,6198;54,3259;55,5964;;
03.04.2018;55,3575;55,5503;54,9105;55,3545;;
29.03.2018;56,6299;57,1494;56,0667;56,9715;;
28.03.2018;56,27;56,6304;55,465;56,3175;;
27.03.2018;56,7022;57,3928;56,153;56,2701;;
26.03.2018;56,5308;56,8943;56,1348;56,462;;
23.03.2018;56,135;57,166;55,7795;56,9117;;
22.03.2018;56,261;56,4022;55,6629;55,9081;;
21.03.2018;54,9807;56,8878;54,9101;56,7671;;
20.03.2018;54,1997;55,2837;54,0681;55,0246;;
19.03.2018;53,5401;53,9015;53,3536;53,7118;;
16.03.2018;52,9642;54,0045;52,7343;53,7535;;
15.03.2018;52,5607;52,9806;52,323;52,7191;;
14.03.2018;52,2262;52,7286;51,7752;52,3945;;
13.03.2018;52,3917;53,0358;51,7339;52,2933;;
12.03.2018;53,1302;53,2423;52,1728;52,8372;;
09.03.2018;51,9267;53,4088;51,8208;53,3166;;
08.03.2018;51,8278;51,949;51,0645;51,4532;;
07.03.2018;52,5294;52,9639;51,3912;52,0003;;
06.03.2018;52,945;53,3052;52,5863;52,9824;;
05.03.2018;52,4865;53,5459;52,09;53,2715;;
02.03.2018;51,8599;52,4761;51,324;52,423;;
01.03.2018;53,3835;53,3961;51,9028;52,8108;;
28.02.2018;54,3806;54,7522;53,5687;53,802;;
27.02.2018;54,7673;54,9116;53,9716;54,0566;;
26.02.2018;54,6282;55,1105;54,1577;54,8542;;
23.02.2018;53,854;54,7803;53,4777;54,6918;;
22.02.2018;52,8037;54,2422;52,7486;53,9686;;
21.02.2018;52,7495;53,2176;52,6543;52,7117;;
20.02.2018;53,0564;53,338;52,4769;52,7554;;
19.02.2018;52,5325;53,1038;52,3603;52,8776;;
16.02.2018;51,8202;52,3162;51,4796;52,0438;;
15.02.2018;51,9308;51,9308;50,5109;51,2633;;
14.02.2018;50,7231;52,3136;50,1593;52,0786;;
13.02.2018;51,1022;51,1606;50,0919;50,9172;;
12.02.2018;51,7435;52,4805;51,0086;51,1003;;
09.02.2018;52,4768;52,6719;50,3126;51,1033;;
08.02.2018;53,3474;53,503;52,3114;52,3729;;
07.02.2018;54,4681;54,8676;53,1858;53,2344;;
06.02.2018;54,5915;54,7956;53,9403;54,2753;;
05.02.2018;54,8219;55,0345;54,0073;54,1698;;
02.02.2018;55,9647;56,0399;54,4013;54,7121;;
01.02.2018;55,2621;56,1738;55,203;56,0211;;
31.01.2018;55,1857;55,536;54,9196;55,3935;;
30.01.2018;55,5855;55,8699;55,0434;55,4195;;
29.01.2018;56,8885;56,9136;55,8245;56,0216;;
26.01.2018;56,4581;56,9518;56,3042;56,5707;;
25.01.2018;57,2585;57,4389;56,3906;56,501;;
24.01.2018;56,4159;57,4474;56,2922;57,3416;;
23.01.2018;56,5914;57,335;56,4058;57,2656;;
22.01.2018;56,2273;56,7827;55,8649;56,542;;
19.01.2018;55,9991;56,3836;55,6929;56,1031;;
18.01.2018;56,6915;56,8175;56,2124;56,5494;;
17.01.2018;56,6706;57,0038;56,1462;56,7551;;
16.01.2018;57,2159;57,2618;56,3191;56,6187;;
15.01.2018;56,8809;57,3033;56,6306;57,2426;;
12.01.2018;56,8499;57,6244;56,6068;57,4831;;
11.01.2018;57,4795;58,2705;57,4501;57,5624;;
10.01.2018;57,6139;57,8696;57,3342;57,6221;;
09.01.2018;57,1685;57,9103;56,7025;57,6408;;
08.01.2018;56,5043;56,8066;56,3232;56,7042;;
05.01.2018;56,287;56,3927;55,8335;56,2907;;
04.01.2018;56,5068;56,5068;56,0308;56,3073;;
03.01.2018;55,3057;56,5058;55,2099;56,451;;
02.01.2018;55,5045;55,6186;54,8828;55,1517;;
29.12.2017;55,4714;55,8602;55,1928;55,5673;;
28.12.2017;55,8111;55,9831;55,4724;55,7371;;
27.12.2017;56,1871;56,2427;55,497;55,8319;;
22.12.2017;54,6488;55,0784;54,2938;54,8303;;
21.12.2017;54,3397;54,7729;54,124;54,6208;;
20.12.2017;54,0099;54,5589;53,7273;54,5336;;
19.12.2017;53,7393;54,0084;53,6329;53,9303;;
18.12.2017;53,9685;54,196;53,4092;53,7277;;
15.12.2017;53,7234;53,9604;53,4295;53,5291;;
14.12.2017;53,0796;53,5575;52,3401;53,5331;;
13.12.2017;54,5224;54,8117;53,1124;53,3;;
12.12.2017;55,5137;55,982;53,5983;54,0199;;
11.12.2017;53,7128;55,0547;53,3964;54,8461;;
08.12.2017;53,0665;54,1968;52,9887;53,9658;;
07.12.2017;52,0129;52,8297;51,9747;52,7155;;
06.12.2017;53,1359;53,2685;51,7014;51,8396;;
05.12.2017;52,5141;53,3144;52,4505;53,1026;;
04.12.2017;53,3708;53,566;52,4955;52,5917;;
01.12.2017;53,0761;54,1278;52,8913;53,534;;
30.11.2017;53,4957;54,2027;53,3513;53,6026;;
29.11.2017;53,5114;54,1351;52,8222;53,5317;;
28.11.2017;53,6451;53,7847;53,0527;53,4028;;
27.11.2017;53,3067;53,5351;52,7959;53,389;;
24.11.2017;53,406;53,8332;53,2715;53,6432;;
23.11.2017;53,1599;53,6797;53,0635;53,5339;;
22.11.2017;53,8654;53,9788;53,2849;53,8552;;
21.11.2017;53,2419;53,6301;52,9563;53,4235;;
20.11.2017;53,0036;53,2159;52,1746;52,7727;;
17.11.2017;52,034;53,3446;51,9492;53,1294;;
16.11.2017;52,7858;52,8238;52,0263;52,1407;;
15.11.2017;52,0133;52,5058;51,8019;52,219;;
14.11.2017;53,5166;53,7804;52,2363;52,6576;;
13.11.2017;54,4438;54,6532;53,6909;54,1366;;
10.11.2017;54,7059;55,153;54,332;54,5777;;
09.11.2017;54,6577;55,2229;54,3799;54,8628;;
08.11.2017;54,6923;55,7408;54,3444;54,7552;;
07.11.2017;55,5987;55,9024;54,9441;55,1396;;
06.11.2017;54,0613;55,604;53,6738;55,4431;;
03.11.2017;52,2279;53,4049;51,9644;53,3123;;
02.11.2017;51,9998;52,262;51,5363;52,1745;;
01.11.2017;52,7682;53,161;51,643;52,0485;;
31.10.2017;52,1671;52,7664;51,9789;52,6932;;
30.10.2017;52,2911;52,535;51,7745;52,3779;;
27.10.2017;51,1451;52,1623;50,6788;52,0807;;
26.10.2017;49,6684;50,5524;49,3848;50,538;;
25.10.2017;49,5174;49,8553;49,0816;49,6034;;
24.10.2017;48,8768;49,646;48,4704;49,6307;;
23.10.2017;49,2437;49,445;48,7721;48,8785;;
20.10.2017;48,3211;48,9836;47,8716;48,9557;;
19.10.2017;49,0689;49,1333;48,1793;48,355;;
18.10.2017;49,5498;49,8352;49,1436;49,4893;;
17.10.2017;49,0924;49,6114;48,594;49,4191;;
16.10.2017;48,9943;49,5523;48,7204;49,0019;;
13.10.2017;48,3984;48,7621;47,9555;48,1367;;
12.10.2017;47,7017;47,9481;47,1066;47,4815;;
11.10.2017;47,8511;48,2583;47,4208;48,0355;;
10.10.2017;47,349;48,2605;47,3093;47,9608;;
09.10.2017;47,4219;47,6574;46,8892;47,3444;;
06.10.2017;48,5861;48,9257;47,077;47,4982;;
05.10.2017;47,5949;48,7295;47,5495;48,545;;
04.10.2017;47,2995;47,6774;46,9715;47,278;;
02.10.2017;48,1746;48,3047;47,2425;47,7292;;
29.09.2017;48,6049;48,9586;48,3777;48,7016;;
28.09.2017;48,8539;49,78;48,2772;48,9085;;
27.09.2017;49,9208;49,9476;48,9959;49,1169;;
26.09.2017;49,7696;49,9549;49,0003;49,578;;
25.09.2017;47,8261;49,7799;47,7602;49,7228;;
22.09.2017;47,2787;47,5769;46,9877;47,4403;;
21.09.2017;47,123;47,4627;46,8246;47,3532;;
20.09.2017;46,1853;47,0405;45,9898;46,8619;;
19.09.2017;46,4282;46,6863;45,8266;46,0882;;
18.09.2017;46,7559;46,8216;45,8536;46,4455;;
15.09.2017;46,1587;46,7051;45,8433;46,4148;;
14.09.2017;46,2678;47,0929;46,2503;46,4523;;
13.09.2017;45,1551;46,095;45,0879;46,0584;;
12.09.2017;45,0509;45,6066;44,7716;45,5399;;
11.09.2017;45,0698;45,0698;44,2057;44,8157;;
08.09.2017;45,4051;45,4979;44,4119;44,4803;;
07.09.2017;45,1276;45,6733;45,0087;45,5276;;
06.09.2017;44,7917;45,5109;44,748;45,4451;;
05.09.2017;43,8774;45,1325;43,8514;44,6906;;
04.09.2017;43,9914;44,3577;43,6444;43,858;;
01.09.2017;44,1576;44,4193;43,7992;44,2604;;
31.08.2017;42,8821;44,344;42,7188;44,2088;;
30.08.2017;43,5955;43,6741;42,5298;42,5533;;
29.08.2017;43,0395;43,2375;42,6364;43,0847;;
28.08.2017;44,0113;44,2538;43,194;43,5925;;
25.08.2017;44,437;44,6197;43,9503;44,2847;;
24.08.2017;44,4908;44,6215;43,7006;44,2359;;
23.08.2017;43,8131;44,6039;43,5889;44,5528;;
22.08.2017;44,1098;44,4036;43,6309;44,0934;;
21.08.2017;44,7322;44,8976;43,6267;43,893;;
18.08.2017;43,5576;45,1355;43,24;45,0224;;
17.08.2017;43,0862;43,709;42,7356;43,5237;;
16.08.2017;43,6334;43,8141;42,8093;42,9553;;
15.08.2017;43,2681;43,4143;42,5911;43,2779;;
14.08.2017;43,987;44,3764;42,851;42,9296;;
11.08.2017;43,8733;44,1102;43,5878;43,8598;;
10.08.2017;45,1758;45,7227;44,0281;44,0892;;
09.08.2017;44,2558;44,9856;44,201;44,9425;;
08.08.2017;44,2323;44,6307;43,8374;44,0063;;
07.08.2017;44,1648;44,4074;43,5474;44,2734;;
04.08.2017;43,67;44,279;43,3133;44,0704;;
03.08.2017;43,9098;44,5752;43,6359;43,8134;;
02.08.2017;43,4799;44,3095;43,2818;44,183;;
01.08.2017;44,7167;44,8373;43,0529;43,8782;;
31.07.2017;45,0575;45,0767;44,489;44,8656;;
28.07.2017;43,8985;44,9286;43,8148;44,7978;;
27.07.2017;43,5502;44,1809;43,165;44,1148;;
26.07.2017;43,5052;43,8396;43,0027;43,7606;;
25.07.2017;41,7685;42,9891;41,6438;42,9332;;
24.07.2017;41,1944;41,8589;40,9175;41,7735;;
21.07.2017;42,4207;42,6718;41,062;41,1999;;
20.07.2017;43,2136;43,6908;42,7909;42,8563;;
19.07.2017;42,1686;43,1833;42,11;43,0408;;
18.07.2017;41,8378;42,7706;41,7469;42,305;;
17.07.2017;42,7279;42,9732;42,1805;42,2026;;
14.07.2017;42,4767;42,9873;42,1691;42,9405;;
13.07.2017;41,7684;42,5057;41,2996;42,4337;;
12.07.2017;42,1083;42,4952;41,3508;41,6181;;
11.07.2017;41,3499;41,9145;40,5855;41,6959;;
10.07.2017;41,0721;41,6096;40,4776;41,1799;;
07.07.2017;41,6773;41,7316;40,5703;40,9836;;
06.07.2017;42,4474;43,1859;41,9741;42,0177;;
05.07.2017;43,7633;43,9603;41,9951;42,0971;;
04.07.2017;43,5887;43,9776;43,4503;43,7838;;
03.07.2017;42,994;43,747;42,6781;43,5862;;
30.06.2017;41,6776;42,1795;41,5962;41,9652;;
29.06.2017;41,8765;42,058;41,311;41,4705;;
28.06.2017;40,8035;41,6922;40,6517;41,6199;;
27.06.2017;40,9228;41,7351;40,8299;41,3737;;
26.06.2017;41,1299;41,3244;40,2695;41,0901;;
23.06.2017;40,4753;40,9382;40,2901;40,8454;;
22.06.2017;39,9641;40,9815;39,8826;40,4749;;
21.06.2017;40,9523;41,7409;39,8078;40,0266;;
20.06.2017;42,2277;42,3304;40,7439;41,2201;;
19.06.2017;42,1773;42,6639;41,7707;41,9219;;
16.06.2017;42,1761;42,6396;42,1199;42,3635;;
15.06.2017;42,0316;42,2811;41,792;41,9634;;
14.06.2017;43,1789;43,4462;41,7756;41,9857;;
13.06.2017;43,1754;43,5378;42,6656;43,4381;;
12.06.2017;42,8854;43,7864;42,8416;43,0199;;
09.06.2017;42,7153;43,4267;42,418;43,1257;;
08.06.2017;43,2144;43,2779;42,3658;42,6371;;
07.06.2017;44,5451;44,6129;42,7661;42,8985;;
06.06.2017;44,0194;44,3531;43,5805;44,2102;;
05.06.2017;44,6125;44,7637;43,5893;44,0044;;
02.06.2017;44,4742;44,8928;43,6261;44,6362;;
01.06.2017;45,7714;45,8704;44,8191;44,8258;;
31.05.2017;45,7878;45,8689;44,35;44,8104;;
30.05.2017;46,5202;46,6016;45,7932;46,3456;;
29.05.2017;46,6428;47,0274;46,3431;46,681;;
26.05.2017;46,3477;46,6568;45,2589;46,5675;;
25.05.2017;48,4889;48,75;45,4864;45,6875;;
24.05.2017;48,4432;48,8;47,9868;48,1966;;
23.05.2017;47,6778;48,3732;47,4342;48,3068;;
22.05.2017;47,9798;48,3664;47,7292;47,8236;;
19.05.2017;47,3791;48,0742;47,272;47,7914;;
18.05.2017;46,7943;47,4018;45,926;47,1662;;
17.05.2017;46,1726;47,3142;46,0911;46,865;;
16.05.2017;46,8801;47,3462;46,5547;46,648;;
15.05.2017;47,1807;47,9505;47,1009;47,2959;;
12.05.2017;46,8467;46,9723;46,283;46,7753;;
11.05.2017;46,6051;47,1114;46,4629;46,6854;;
10.05.2017;44,9645;46,5383;44,9262;46,1554;;
09.05.2017;45,3282;45,6842;44,4374;44,787;;
08.05.2017;45,2383;45,3267;44,3238;44,8096;;
05.05.2017;43,5164;45,2834;43,2301;44,9359;;
04.05.2017;46,1892;46,2896;44,0671;44,1821;;
03.05.2017;46,5679;46,8361;45,9816;46,4558;;
02.05.2017;47,2531;47,8008;45,96;46,2556;;
28.04.2017;47,376;47,5658;46,9203;47,2955;;
27.04.2017;47,4264;47,5637;46,3643;47,4373;;
26.04.2017;47,656;48,1436;47,2157;47,2887;;
25.04.2017;47,5643;48,1198;47,106;47,983;;
24.04.2017;48,2015;48,4866;47,4206;47,4759;;
21.04.2017;49,593;49,8264;48,174;48,5072;;
20.04.2017;49,5956;49,8415;49,0214;49,2485;;
19.04.2017;51,0878;51,4678;48,991;49,4049;;
18.04.2017;51,8454;51,9344;51,1164;51,5228;;
13.04.2017;52,5323;52,7519;52,2501;52,393;;
12.04.2017;53,2069;53,4355;52,3282;52,4772;;
11.04.2017;52,5447;53,0107;52,2497;52,8083;;
10.04.2017;52,54;52,9564;52,4498;52,8919;;
07.04.2017;52,2137;52,5621;51,4014;51,8618;;
06.04.2017;50,9222;51,5872;50,7506;51,425;;
05.04.2017;51,0934;51,6028;50,5767;50,6393;;
04.04.2017;49,6843;50,9603;49,5;50,8203;;
03.04.2017;50,2211;50,4163;49,7363;49,8093;;
31.03.2017;49,4234;49,5585;48,9858;49,292;;
30.03.2017;48,8391;49,4609;48,4232;49,2589;;
29.03.2017;48,0355;48,814;47,7823;48,6504;;
28.03.2017;46,9596;47,7926;46,8949;47,2288;;
27.03.2017;46,3111;46,7071;45,9365;46,644;;
24.03.2017;46,8597;47,2016;46,6467;47,086;;
23.03.2017;47,0955;47,377;46,5584;46,8229;;
22.03.2017;46,8771;47,164;46,0313;46,9268;;
21.03.2017;48,1425;48,3363;46,9792;47,0425;;
20.03.2017;47,914;48,2832;47,4373;48,0233;;
17.03.2017;48,1138;48,5316;48,0564;48,1541;;
16.03.2017;48,9603;49,0554;48,0022;48,1791;;
15.03.2017;48,6684;49,0276;48,3386;48,9307;;
14.03.2017;48,2916;48,7724;47,2337;48,0231;;
13.03.2017;48,096;48,4782;47,7244;48,2217;;
10.03.2017;49,3127;49,9741;48,2349;48,4602;;
09.03.2017;50,9596;51,0232;48,8163;49,8409;;
08.03.2017;52,68;52,8347;51,6246;51,6452;;
07.03.2017;52,9075;53,5502;52,785;52,8637;;
06.03.2017;52,4194;53,1009;52,3;52,8546;;
03.03.2017;52,3087;52,8786;52,1338;52,7168;;
02.03.2017;53,5359;53,702;52,3087;52,462;;
01.03.2017;53,6004;54,1334;53,4166;53,4802;;
28.02.2017;52,6647;52,8756;52,0721;52,4509;;
27.02.2017;53,3034;53,6356;52,7792;52,8492;;
24.02.2017;53,17;53,17;52,5277;52,8062;;
23.02.2017;53,3865;54,1496;53,2832;53,3915;;
22.02.2017;53,7978;53,8743;52,8945;53,1248;;
21.02.2017;53,6771;54,3923;53,5917;53,7627;;
20.02.2017;52,8104;53,171;52,7408;52,8596;;
17.02.2017;52,3793;52,4413;51,7184;52,3151;;
16.02.2017;52,2691;52,8226;51,7452;52,2266;;
15.02.2017;52,839;53,291;52,6099;52,7821;;
14.02.2017;52,3678;53,1476;52,3006;52,6246;;
13.02.2017;53,0988;53,2707;52,1187;52,2943;;
10.02.2017;52,4168;53,5216;52,2745;53,3108;;
09.02.2017;51,9175;52,3009;51,7422;52,0253;;
08.02.2017;51,1755;52,2257;51,0788;51,7404;;
07.02.2017;51,9877;52,1598;51,2493;51,6312;;
06.02.2017;53,0633;53,1958;51,9166;52,1391;;
03.02.2017;53,0144;53,3205;52,4881;52,9109;;
02.02.2017;52,6249;53,1343;52,1177;52,5612;;
01.02.2017;51,4606;52,681;51,2816;52,3976;;
31.01.2017;51,2434;52,0666;51,0262;51,7443;;
30.01.2017;52,1364;52,3872;51,6879;51,9676;;
27.01.2017;52,7509;52,9007;51,3893;51,8919;;
26.01.2017;51,8427;52,8497;51,603;52,5593;;
25.01.2017;51,2172;51,8122;50,9495;51,3767;;
24.01.2017;51,6865;51,9792;51,2337;51,4498;;
23.01.2017;51,7501;51,833;50,9832;51,6607;;
20.01.2017;51,2094;52,5022;51,0928;52,1183;;
19.01.2017;51,1969;51,3408;50,4978;50,8181;;
18.01.2017;52,1633;52,4277;50,4149;50,7852;;
17.01.2017;52,1744;53,3107;51,8518;51,8926;;
16.01.2017;52,197;52,7822;52,0772;52,5489;;
13.01.2017;52,5424;52,615;51,8174;52,0929;;
12.01.2017;51,7072;52,8592;51,6039;52,4757;;
11.01.2017;51,2354;52,989;51,1184;52,544;;
10.01.2017;52,331;52,402;50,7076;50,7831;;
09.01.2017;53,8389;53,9181;52,062;52,1626;;
06.01.2017;53,5152;54,2984;53,1577;53,6263;;
05.01.2017;53,6235;54,6313;53,3456;54,0575;;
04.01.2017;53,6716;54,1816;53,0433;53,933;;
03.01.2017;54,9499;56,2099;53,2584;53,6185;;
30.12.2016;54,2133;54,2764;53,6444;53,8738;;
29.12.2016;54,0527;54,1305;53,4566;53,6685;;
28.12.2016;54,2023;54,3905;53,7095;54,0101;;
27.12.2016;52,9564;53,8694;52,6984;53,6489;;
23.12.2016;52,2713;52,9128;51,9159;52,7239;;
22.12.2016;52,3324;52,9061;51,7377;52,4216;;
21.12.2016;53,5078;53,6271;52,085;52,3088;;
20.12.2016;53,0323;53,9815;52,9139;53,3984;;
19.12.2016;53,3511;53,4283;52,4634;52,4634;;
16.12.2016;51,9428;53,0304;51,4099;52,9168;;
15.12.2016;51,8933;52,3093;50,9822;51,95;;
14.12.2016;51,8144;52,4201;50,4143;50,5595;;
13.12.2016;52,2926;53,1781;51,9809;52,3926;;
12.12.2016;54,0042;54,0395;52,0286;52,1317;;
09.12.2016;51,1099;51,5724;50,9537;51,4575;;
08.12.2016;49,2377;50,1689;49,1444;50,1067;;
07.12.2016;49,9789;50,5392;49,3111;49,4113;;
06.12.2016;50,9086;51,1876;49,8319;50,2852;;
05.12.2016;50,8678;51,6748;50,6152;50,7456;;
02.12.2016;50,3412;51,2033;49,6207;51,0099;;
01.12.2016;49,0436;51,3143;48,4792;50,4998;;
30.11.2016;44,3735;47,4834;44,2905;47,425;;
29.11.2016;45,192;45,4108;43,4154;43,8908;;
28.11.2016;43,9286;46,0745;43,9286;45,3389;;
25.11.2016;45,8792;45,9519;44,3512;44,4901;;
24.11.2016;46,2917;46,673;46,2424;46,4982;;
23.11.2016;46,4305;46,6613;45,7659;46,2219;;
22.11.2016;46,21;47,0516;45,3513;46,1305;;
21.11.2016;44,773;46,2514;44,4811;46,1658;;
18.11.2016;43,1602;44,2037;43,0327;44,0382;;
17.11.2016;43,3962;44,4291;42,9392;43,0683;;
16.11.2016;43,6477;44,3937;43,2009;43,427;;
15.11.2016;42,0604;43,8691;41,8634;43,7206;;
14.11.2016;41,6416;41,7489;40,3938;41,5522;;
11.11.2016;41,8522;42,0307;40,5594;40,922;;
10.11.2016;42,9056;43,0165;41,8128;41,8992;;
09.11.2016;41,2066;42,5876;41,1373;42,3535;;
08.11.2016;41,952;42,3004;41,2945;41,4551;;
07.11.2016;41,731;41,9326;41,0197;41,9023;;
04.11.2016;41,5549;41,9748;40,6121;41,0873;;
03.11.2016;42,5918;42,9056;41,5527;41,8617;;
02.11.2016;42,8821;43,0675;41,8965;42,4409;;
01.11.2016;44,5206;44,5272;43,2859;43,4503;;
31.10.2016;45,3623;45,4274;43,8251;44,1522;;
28.10.2016;46,1015;46,2466;45,1574;45,5286;;
27.10.2016;45,7434;46,5745;45,6156;46,0545;;
26.10.2016;46,0441;46,3941;45,4348;45,5738;;
25.10.2016;47,373;47,6907;46,4675;46,5699;;
24.10.2016;47,572;47,7623;46,3445;47,3184;;
21.10.2016;47,1483;47,6775;47,0011;47,5591;;
20.10.2016;47,6353;47,7226;46,6113;46,7972;;
19.10.2016;47,595;48,3936;47,4744;47,8361;;
18.10.2016;47,158;47,3768;46,6197;47,0722;;
17.10.2016;46,9328;47,53;46,5281;46,8947;;
14.10.2016;47,6308;47,7584;46,7748;47,2106;;
13.10.2016;46,5664;47,2611;46,1354;47,1558;;
12.10.2016;47,936;47,9866;46,8414;47,0246;;
11.10.2016;47,9434;48,0303;47,0384;47,3583;;
10.10.2016;46,3448;48,1767;46,2321;47,4666;;
07.10.2016;47,3612;47,4609;46,1138;46,4276;;
06.10.2016;46,1136;47,0965;45,8819;46,9354;;
05.10.2016;45,864;46,4549;45,8461;46,1602;;
04.10.2016;45,2824;46,0229;45,0771;45,4963;;
30.09.2016;43,6226;44,144;43,1706;43,9785;;
29.09.2016;43,1136;44,4075;42,7322;43,6713;;
28.09.2016;41,1171;43,5989;40,8039;43,0529;;
27.09.2016;41,8351;41,9649;40,6554;40,8831;;
26.09.2016;40,8118;42,3319;40,5887;41,7844;;
23.09.2016;42,1595;43,0406;40,7327;41,0762;;
22.09.2016;42,0561;42,5714;41,8574;42,304;;
21.09.2016;41,7734;42,2958;41,599;42,2161;;
20.09.2016;40,923;41,4168;40,322;40,9991;;
19.09.2016;41,6459;42,0351;41,0542;41,1339;;
16.09.2016;41,1137;41,2816;40,5307;40,9574;;
15.09.2016;40,9712;41,6619;40,5615;41,2827;;
14.09.2016;42,0922;42,3114;41,0833;41,2533;;
13.09.2016;42,4677;42,6566;41,7654;41,8062;;
12.09.2016;42,035;43,3159;41,7473;42,8695;;
09.09.2016;43,819;43,9249;42,5338;42,6161;;
08.09.2016;43,2401;44,395;42,756;44,0365;;
07.09.2016;42,5647;42,7912;41,7959;42,5962;;
06.09.2016;42,8133;42,8266;41,4839;42,238;;
05.09.2016;42,8765;44,2568;42,1449;42,478;;
02.09.2016;40,6631;42,0311;40,5504;41,6643;;
01.09.2016;42,2985;42,3861;40,8373;40,9394;;
31.08.2016;43,4174;43,4174;42,1326;42,269;;
30.08.2016;44,4576;44,4797;43,1971;43,4147;;
29.08.2016;44,0135;44,3803;43,835;44,0621;;
26.08.2016;43,8826;44,9008;43,4926;43,9714;;
25.08.2016;43,4568;44,105;43,1221;43,9732;;
24.08.2016;43,6458;44,2589;43,1962;43,4607;;
23.08.2016;43,0595;44,2586;42,7495;43,9247;;
22.08.2016;44,1589;44,3755;43,4116;43,4761;;
19.08.2016;45,184;45,184;44,4062;44,8198;;
18.08.2016;44,1316;45,1089;43,7778;44,8011;;
17.08.2016;43,347;44,2833;43,0583;44,2257;;
16.08.2016;42,4762;43,7159;42,3851;43,5653;;
15.08.2016;42,3266;43,4237;41,865;43,3352;;
12.08.2016;41,3968;42,3018;40,9691;42,2697;;
11.08.2016;39,4013;41,4668;38,9554;41,1659;;
10.08.2016;39,8902;40,7741;39,1423;39,1965;;
09.08.2016;40,5128;41,3206;40,4117;40,616;;
08.08.2016;40,1185;41,2276;40,0355;40,743;;
05.08.2016;39,5018;39,8826;38,9771;39,7877;;
04.08.2016;38,6898;39,8165;38,1438;39,6666;;
03.08.2016;37,2677;38,8002;37,1418;38,7399;;
02.08.2016;37,8293;38,566;37,044;37,4579;;
01.08.2016;38,9963;39,0614;37,4944;37,7826;;
29.07.2016;38,165;38,2399;37,5845;38,2263;;
28.07.2016;39,1904;39,31;38,3514;38,4198;;
27.07.2016;40,614;40,8732;39,4233;39,571;;
26.07.2016;40,846;40,8991;40,1333;40,6725;;
25.07.2016;41,5312;41,577;40,5423;40,7072;;
22.07.2016;41,6811;42,1896;41,0079;41,4737;;
21.07.2016;43,0979;43,1522;41,8289;41,8874;;
20.07.2016;42,3253;43,1511;41,6611;42,655;;
19.07.2016;42,4865;43,0602;42,1635;42,3015;;
18.07.2016;43,0579;43,2754;42,0263;42,5076;;
15.07.2016;42,0927;43,1738;41,9004;42,8178;;
14.07.2016;41,9202;42,5342;41,5876;42,2051;;
13.07.2016;43,0281;43,3528;41,5884;42,0167;;
12.07.2016;41,9306;43,7902;41,8732;43,6122;;
11.07.2016;42,0509;42,6024;41,5323;41,6042;;
08.07.2016;42,2435;42,66;41,6578;42,1163;;
07.07.2016;44,2244;44,7537;41,6457;41,9403;;
06.07.2016;43,3625;44,3168;42,6163;43,9965;;
05.07.2016;44,4412;44,469;42,6375;43,1318;;
04.07.2016;45,4613;45,5623;44,8937;44,9492;;
01.07.2016;44,9046;45,5035;44,2094;45,4703;;
30.06.2016;45,1275;45,3213;44,5516;44,7814;;
29.06.2016;44,0446;45,3834;43,8361;44,9648;;
28.06.2016;43,2951;43,9375;42,9094;43,8842;;
27.06.2016;44,4469;44,4795;42,4319;43,3091;;
24.06.2016;43,7267;44,4202;43,3652;43,7757;;
23.06.2016;43,9533;44,7591;43,8856;44,6562;;
22.06.2016;45,2356;45,4215;43,5714;44,2312;;
21.06.2016;44,323;44,8171;43,7136;44,6223;;
20.06.2016;43,9334;44,7342;43,8543;44,4777;;
17.06.2016;42,4111;43,8656;42,4015;43,7564;;
16.06.2016;43,352;43,4396;41,993;42,1606;;
15.06.2016;43,9963;44,3405;43,0677;43,2995;;
14.06.2016;44,4717;44,5741;44,0739;44,2949;;
13.06.2016;44,3102;45,0623;43,9967;44,3651;;
10.06.2016;45,5154;45,6196;44,5124;44,6124;;
09.06.2016;46,3342;46,4067;45,4304;45,8191;;
08.06.2016;45,1649;46,2421;45,0788;46,1975;;
07.06.2016;44,5239;45,4277;44,4247;45,3833;;
06.06.2016;44,0231;44,7798;44,0152;44,2903;;
03.06.2016;45,0352;45,1296;44,1776;44,3167;;
02.06.2016;44,4729;44,9319;43,6415;44,5956;;
01.06.2016;44,1789;44,7347;43,5226;44,6911;;
31.05.2016;44,4226;44,8819;44,1292;44,51;;
30.05.2016;44,0422;44,742;43,896;44,5894;;
27.05.2016;43,9584;44,2889;43,5778;44,2085;;
26.05.2016;44,9544;45,2431;44,0927;44,2135;;
25.05.2016;44,1214;44,8374;43,855;44,7524;;
24.05.2016;42,9376;43,9581;42,9376;43,7314;;
23.05.2016;43,0501;43,2119;42,5969;43,2083;;
20.05.2016;43,7654;44,0209;42,8427;43,351;;
19.05.2016;43,0898;43,6593;42,3312;43,5879;;
18.05.2016;43,7069;44,1573;42,9691;43,0012;;
17.05.2016;43,5599;43,7973;42,9192;43,725;;
16.05.2016;42,8613;43,6711;42,8258;43,3083;;
13.05.2016;41,9561;42,3978;41,6428;42,0812;;
12.05.2016;41,7884;42,2593;41,0944;42,1248;;
11.05.2016;39,6098;41,7377;39,2737;41,5445;;
10.05.2016;38,9276;40,172;38,5088;40,1185;;
09.05.2016;40,2592;40,5844;38,1767;38,2505;;
06.05.2016;39,1524;40,303;38,649;39,6082;;
05.05.2016;39,15241;40,30322;39,0321;39,3752;;
04.05.2016;39,1532;39,9586;38,4044;38,872;;
03.05.2016;40,0743;40,1279;38,5617;38,9125;;
02.05.2016;40,8544;41,1556;39,7937;39,8968;;
29.04.2016;42,28;42,5528;41,623;42,1975;;
28.04.2016;41,2414;42,3946;41,215;41,9064;;
27.04.2016;41,0353;41,9965;40,3823;41,785;;
26.04.2016;39,6049;40,7205;39,5481;40,5907;;
25.04.2016;39,8058;40,4373;39,2948;40,3042;;
22.04.2016;39,9389;40,6937;39,3214;40,0948;;
21.04.2016;40,2396;40,6649;39,3413;39,4644;;
20.04.2016;37,9403;40,2765;37,6441;39,9279;;
19.04.2016;38,6272;39,2351;37,9848;38,7849;;
18.04.2016;36,277;38,2921;36,2488;38,0465;;
15.04.2016;38,8982;39,0362;37,5887;38,1503;;
14.04.2016;38,5767;39,6498;38,5258;38,9797;;
13.04.2016;38,8744;39,7288;38,7907;38,9231;;
12.04.2016;37,4739;39,317;37,4739;39,016;;
11.04.2016;36,6133;37,7784;36,3695;37,5974;;
08.04.2016;35,2972;36,9527;35,2972;36,7188;;
07.04.2016;35,4008;35,4008;34,0254;34,8519;;
06.04.2016;33,9268;35,2247;33,8763;35,0369;;
05.04.2016;32,9694;33,4831;32,7667;33,3602;;
04.04.2016;33,98;34,5416;32,0761;33,0982;;
01.04.2016;35,2258;35,7399;34,0926;34,2108;;
31.03.2016;34,9331;35,9127;34,6988;35,2248;;
30.03.2016;35,615;36,5471;35,2448;35,3266;;
29.03.2016;35,6647;35,9246;35,2552;35,8008;;
24.03.2016;36,5466;37,0126;35,7758;36,8352;;
23.03.2016;37,7573;38,0761;36,7377;36,8783;;
22.03.2016;37,4955;37,995;37,3974;37,9184;;
21.03.2016;36,8823;37,7163;36,5008;37,3658;;
18.03.2016;36,732;37,7072;36,4172;36,7674;;
17.03.2016;36,1418;36,7695;35,7307;36,6015;;
16.03.2016;35,3172;36,5284;35,0958;36,3205;;
15.03.2016;35,6558;35,6558;34,5126;35,0932;;
14.03.2016;36,2398;36,4286;34,9357;35,7091;;
11.03.2016;36,7403;36,9838;36,1001;36,3931;;
10.03.2016;37,7268;37,7637;36,5432;36,9669;;
09.03.2016;35,9291;37,4738;35,92;37,1503;;
08.03.2016;36,7292;37,6088;35,6683;35,8451;;
07.03.2016;35,8212;37,4601;35,5063;37,2272;;
04.03.2016;33,8286;35,5014;33,5825;35,4421;;
03.03.2016;34,0152;34,2583;33,3547;33,9418;;
02.03.2016;33,8016;34,3911;33,2719;34,1378;;
01.03.2016;33,4115;34,2393;33,0804;33,7013;;
29.02.2016;32,793;33,739;32,2419;33,6747;;
26.02.2016;32,1007;33,8452;32,0552;32,2142;;
25.02.2016;31,4682;32,7514;30,7201;32,2164;;
24.02.2016;30,6757;32,1328;30,1384;31,9324;;
23.02.2016;31,6261;32,3896;30,6535;30,958;;
22.02.2016;30,7364;32,2374;30,6503;31,9245;;
19.02.2016;31,1193;31,5474;30,0424;30,3803;;
18.02.2016;31,9424;32,7409;31,0267;31,2523;;
17.02.2016;29,3328;31,3982;28,5785;31,3578;;
16.02.2016;31,1257;31,8243;28,6002;28,9584;;
15.02.2016;29,4678;30,4428;29,356;30,4114;;
12.02.2016;28,235;29,6319;27,3792;28,9534;;
11.02.2016;26,9499;27,624;26,377;27,3817;;
10.02.2016;27,5162;28,3157;26,9743;27,5429;;
09.02.2016;29,6725;29,8594;26,9624;27,3941;;
08.02.2016;30,7495;31,2089;29,5289;29,8847;;
05.02.2016;30,923;31,2623;30,191;30,4365;;
04.02.2016;31,6393;31,8847;30,4881;30,6978;;
03.02.2016;29,5665;32,4751;29,5527;32,4751;;
02.02.2016;30,9873;31,1292;29,5403;29,7829;;
01.02.2016;32,6488;33,1266;31,1788;31,3258;;
29.01.2016;32,2115;33,1181;31,6712;32,848;;
28.01.2016;30,886;33,6513;30,6338;32,4911;;
27.01.2016;29,4177;31,5026;29,032;30,9791;;
26.01.2016;28,5227;30,9034;27,8167;29,4593;;
25.01.2016;30,4207;30,9709;28,5298;28,6223;;
22.01.2016;27,8174;30,4867;27,5444;30,3386;;
21.01.2016;26,4574;27,9216;25,7229;27,6416;;
20.01.2016;26,8497;27,0102;25,5341;26,1392;;
19.01.2016;26,4722;27,8248;26,325;26,5228;;
18.01.2016;26,2027;27,1346;25,6978;26,4001;;
15.01.2016;28,1519;28,3077;26,4294;26,6951;;
14.01.2016;27,3295;28,6193;27,2928;28,5229;;
13.01.2016;28,7352;29,424;27,6951;27,9586;;
12.01.2016;29,2405;30,1495;28,1977;28,4376;;
11.01.2016;30,5015;30,9653;28,9814;29,11;;
08.01.2016;31,917;32,2576;30,5635;30,9824;;
07.01.2016;31,8688;32,2874;29,9641;31,4225;;
06.01.2016;34,5466;34,5466;32,1355;32,4521;;
05.01.2016;35,2224;35,3108;34,1569;34,4733;;
04.01.2016;35,1211;35,7634;33,7768;34,6531;;
31.12.2015;33,687;34,8443;33,168;34,5366;;
30.12.2015;34,1525;34,331;33,2738;33,585;;
29.12.2015;33,3957;34,6695;33,3866;34,1034;;
28.12.2015;34,4326;34,4919;33,2375;33,2421;;
24.12.2015;34,5346;34,7995;33,7581;34,6396;;
23.12.2015;33,2723;34,6968;33,2402;34,651;;
22.12.2015;33,2633;33,4962;32,8661;33,1949;;
21.12.2015;33,6017;33,804;33,1601;33,3073;;
18.12.2015;34,0947;34,7545;33,6056;33,7532;;
17.12.2015;34,4802;34,9783;33,9452;34,0974;;
16.12.2015;35,1733;35,434;34,0209;34,3776;;
15.12.2015;34,677;36,1146;34,4177;34,909;;
14.12.2015;34,6854;35,1771;33,4745;34,649;;
11.12.2015;36,4247;36,6438;34,4703;34,9452;;
10.12.2015;37,1288;37,4075;36,3931;36,5439;;
09.12.2015;37,6291;38,1364;36,4089;37,0076;;
08.12.2015;38,1195;38,4598;36,9655;37,4989;;
07.12.2015;40,1055;40,235;38,0285;38,0886;;
04.12.2015;40,3687;41,1025;39,1717;39,6624;;
03.12.2015;40,0618;41,8564;39,9588;41,1817;;
02.12.2015;41,7311;41,9808;39,9972;40,1574;;
01.12.2015;42,1038;42,6038;41,5472;41,7877;;
30.11.2015;42,3528;43,2319;42,0125;42,1306;;
27.11.2015;42,9584;43,0198;42,3393;42,4244;;
26.11.2015;43,5074;43,6487;42,4095;42,9796;;
25.11.2015;43,3969;43,9165;42,542;43,6709;;
24.11.2015;42,4514;43,6532;42,1791;43,1274;;
23.11.2015;41,6518;42,9969;40,9886;42,4889;;
20.11.2015;41,4343;42,5618;41,2378;41,5466;;
19.11.2015;41,6253;41,8686;40,9002;41,4382;;
18.11.2015;41,1823;41,9323;40,6338;41,5292;;
17.11.2015;41,8463;42,2634;40,7732;41,2746;;
16.11.2015;41,8167;42,1104;40,2732;41,784;;
13.11.2015;41,9314;42,6793;41,0396;41,3462;;
12.11.2015;43,8234;43,8421;42,0194;42,1266;;
11.11.2015;44,5969;45,1288;43,3277;43,603;;
10.11.2015;44,8744;45,2946;44,5103;44,5617;;
09.11.2015;44,9796;45,5921;44,33;44,5991;;
06.11.2015;45,0156;45,4161;44,2471;44,606;;
05.11.2015;45,6032;45,7227;44,7717;44,9095;;
04.11.2015;46,7307;47,2108;45,0892;45,3955;;
03.11.2015;44,5791;46,3785;44,1554;45,7453;;
02.11.2015;44,7698;45,0326;44,0673;44,2123;;
30.10.2015;44,1908;45,3799;43,8368;44,9033;;
29.10.2015;44,753;45,1738;44,0759;44,4556;;
28.10.2015;42,2508;44,3978;42,0613;44,24;;
27.10.2015;42,9572;42,9572;41,9718;42,5278;;
26.10.2015;43,5837;43,8698;42,9707;43,1024;;
23.10.2015;43,5673;43,8876;42,8275;43,4184;;
22.10.2015;42,4379;43,0169;42,1329;42,5926;;
21.10.2015;42,7426;42,8351;41,8839;42,2274;;
20.10.2015;42,9614;43,2472;42,4075;42,6273;;
19.10.2015;44,4895;44,5248;42,866;43,1836;;
16.10.2015;44,1505;44,6127;43,4243;44,3398;;
15.10.2015;43,3517;43,9461;42,578;43,8587;;
14.10.2015;43,4706;43,8081;43,1376;43,3918;;
13.10.2015;44,7116;44,9314;43,3884;43,6654;;
12.10.2015;46,65;47,138;44,1352;44,5969;;
09.10.2015;47,1132;47,8305;46,2243;46,5367;;
08.10.2015;46,4191;47,8452;46,0103;47,6142;;
07.10.2015;46,6448;47,5502;45,8947;46,3119;;
06.10.2015;44,5563;47,0198;44,0886;46,8861;;
05.10.2015;42,929;44,353;42,8711;43,8234;;
02.10.2015;43,0869;43,4543;42,0699;43,2482;;
01.10.2015;43,4636;44,6741;42,7105;43,1005;;
30.09.2015;42,7386;43,6892;42,6627;43,3188;;
29.09.2015;42,2617;43,3818;42,1814;42,8418;;
28.09.2015;43,2543;43,3169;42,3411;42,453;;
25.09.2015;43,189;44,0274;42,9244;43,3145;;
24.09.2015;42,6697;43,0122;42,176;42,9722;;
23.09.2015;44,1435;45,009;42,7713;42,8475;;
22.09.2015;43,5231;44,1058;42,7656;44,0923;;
21.09.2015;42,2711;43,5422;42,2356;43,2489;;
18.09.2015;43,0204;43,5634;41,3215;41,8644;;
17.09.2015;44,0285;44,3158;42,729;43,5334;;
16.09.2015;42,6968;44,7943;42,4875;44,3846;;
15.09.2015;42,0892;42,5442;41,621;42,4647;;
14.09.2015;43,4321;43,5117;41,8001;41,9858;;
11.09.2015;44,0185;44,2936;42,7094;43,5304;;
10.09.2015;43,3661;44,6044;42,6866;44,4613;;
09.09.2015;45,1432;45,6459;43,415;43,415;;
08.09.2015;43,7601;45,422;43,4689;45,0233;;
07.09.2015;44,6079;45,1507;43,4102;43,6165;;
04.09.2015;46,2291;46,4805;45,0171;45,053;;
03.09.2015;44,7725;46,6961;44,4563;45,0931;;
02.09.2015;43,4651;45,3088;42,4256;44,8734;;
01.09.2015;46,4578;47,5837;43,147;43,2049;;
31.08.2015;43,9768;48,4128;43,0272;47,2225;;
28.08.2015;42,0217;45,2299;41,4004;44,227;;
27.08.2015;38,7629;42,1969;38,7629;41,5145;;
26.08.2015;37,9846;38,3529;37,5592;38,2696;;
25.08.2015;37,1719;38,5842;37,1111;37,8889;;
24.08.2015;39,245;39,2755;36,7357;37,0271;;
21.08.2015;41,0912;41,2153;39,9743;40,2092;;
20.08.2015;42,113;42,2025;41,1696;41,2591;;
19.08.2015;43,9544;44,4706;42,3694;42,4962;;
18.08.2015;43,9647;44,3264;43,6302;43,9014;;
17.08.2015;43,8198;44,536;43,5631;43,7973;;
14.08.2015;44,3917;44,6021;43,5637;43,6353;;
13.08.2015;45,2291;45,7467;44,3469;44,653;;
12.08.2015;44,7468;45,2891;44,2044;45,0291;;
11.08.2015;45,9566;46,7345;44,4912;45,0656;;
10.08.2015;44,7354;46,615;44,6122;46,3732;;
07.08.2015;45,8962;46,2526;44,8451;44,9867;;
06.08.2015;46,1874;46,2425;45,4341;46,2196;;
05.08.2015;46,8299;47,3399;45,5665;46,0994;;
04.08.2015;45,4525;45,9719;45,1973;45,7578;;
03.08.2015;47,3016;47,4888;45,1055;45,352;;
31.07.2015;48,6505;48,6733;47,073;47,2189;;
30.07.2015;48,8772;49,6257;48,4208;48,681;;
29.07.2015;48,1641;49,2112;47,6156;48,5766;;
28.07.2015;48,1587;49,0431;47,4376;48,0952;;
27.07.2015;49,272;49,6337;47,7844;47,8884;;
24.07.2015;50,7953;50,8136;49,7349;49,8583;;
23.07.2015;50,9364;51,3819;50,1;50,4637;;
22.07.2015;52,0272;52,1785;51,3071;51,4126;;
21.07.2015;52,0429;52,8481;51,845;52,4156;;
20.07.2015;52,5341;52,9211;51,9213;52,0964;;
17.07.2015;52,5209;52,6586;51,8;52,3969;;
16.07.2015;52,9263;53,3634;52,3281;52,457;;
15.07.2015;53,4517;53,5607;51,7259;52,1165;;
14.07.2015;52,3162;53,4448;51,4686;53,4312;;
13.07.2015;52,7831;53,5116;51,7468;52,6926;;
10.07.2015;52,5302;53,5449;51,9848;52,7805;;
09.07.2015;51,8952;53,7905;51,8907;53,1301;;
08.07.2015;52,3812;52,7349;51,1248;52,2451;;
07.07.2015;52,8177;53,2888;50,8691;52,9412;;
06.07.2015;54,3559;54,4559;51,2218;52,0167;;
03.07.2015;55,7138;55,9211;54,2177;54,6008;;
02.07.2015;56,154;57,1074;55,8377;55,8738;;
01.07.2015;56,8739;57,0586;55,7207;55,9099;;
30.06.2015;55,4026;57,0337;55,1569;56,5779;;
29.06.2015;56,1843;56,5481;55,1199;55,7083;;
26.06.2015;56,5703;56,7845;55,807;56,298;;
25.06.2015;56,7018;57,0632;55,9834;56,501;;
24.06.2015;57,5894;57,9952;56,1982;56,653;;
23.06.2015;56,3995;57,9079;56,0559;57,6937;;
22.06.2015;55,3768;56,1569;54,7466;55,7999;;
19.06.2015;56,7218;57,1068;55,1863;55,5846;;
18.06.2015;55,8883;56,9581;55,6515;56,3223;;
17.06.2015;56,4633;58,0016;55,5102;56,5298;;
16.06.2015;56,9461;57,4142;56,5537;56,7989;;
15.06.2015;57,4211;57,7242;56,5074;56,9264;;
12.06.2015;58,3868;58,4848;57,5045;57,656;;
11.06.2015;58,9076;59,3483;58,0707;58,3645;;
10.06.2015;58,0637;59,3226;58,0459;58,6843;;
09.06.2015;56,3072;58,4763;56,2894;58,3474;;
08.06.2015;56,9611;57,3643;56,4773;56,6968;;
05.06.2015;55,9503;57,1314;54,9875;56,8996;;
04.06.2015;57,1618;57,1971;55,2267;55,4476;;
03.06.2015;58,5504;58,6447;57,0595;57,2571;;
02.06.2015;58,7225;59,6654;58,5638;59,2982;;
01.06.2015;59,4755;59,9141;58,7765;59,2973;;
29.05.2015;57,516;59,9954;57,1513;59,6855;;
28.05.2015;57,3559;57,7597;56,25;57,7184;;
27.05.2015;58,865;59,5139;57,0607;57,3322;;
26.05.2015;59,9899;60,0998;57,9215;58,5164;;
25.05.2015;59,6101;60,3115;58,9634;60,0018;;
22.05.2015;59,4993;59,656;58,3169;58,72;;
21.05.2015;58,3491;60,0602;58,3401;59,7323;;
20.05.2015;57,9196;58,6032;57,6812;58,3198;;
19.05.2015;59,3202;59,3828;57,2093;57,5537;;
18.05.2015;58,7189;59,5926;57,8936;58,1526;;
15.05.2015;58,8277;59,1411;57,7154;59,0307;;
14.05.2015;58,6698;59,3747;58,0349;58,4158;;
13.05.2015;60,2665;61,0418;59,6025;59,6872;;
12.05.2015;58,337;60,339;58,1947;60,2545;;
11.05.2015;59,2937;59,6751;58,3692;58,9391;;
08.05.2015;59,1614;59,5268;57,9761;59,0589;;
07.05.2015;60,0708;61,172;58,2839;58,6643;;
06.05.2015;61,0374;62,5557;60,5966;60,659;;
05.05.2015;60,4435;62,1571;60,2141;61,4869;;
04.05.2015;59,5812;60,3434;59,1463;60,3434;;
30.04.2015;58,3326;59,6656;58,3103;59,5497;;
29.04.2015;58,653;60,6208;58,3167;59,6392;;
28.04.2015;59,1059;59,9112;58,5202;59,0601;;
27.04.2015;60,3447;60,608;59,5223;59,7856;;
24.04.2015;59,7746;60,6707;59,5898;60,449;;
23.04.2015;58,239;60,8383;57,7655;60,1049;;
22.04.2015;57,698;58,9128;57,1488;58,3636;;
21.04.2015;59,1776;59,3037;57,6215;57,7944;;
20.04.2015;59,8806;59,9972;57,9176;59,2418;;
17.04.2015;58,993;59,6218;58,2162;58,9329;;
16.04.2015;58,6126;60,5452;57,8938;59,5042;;
15.04.2015;56,8627;59,9679;56,7918;59,4196;;
14.04.2015;56,1861;57,1942;55,8311;56,9245;;
13.04.2015;55,9467;57,4014;55,5061;56,0842;;
10.04.2015;54,8486;55,9934;54,2715;55,9177;;
09.04.2015;53,0954;54,8868;53,0351;53,8055;;
08.04.2015;54,7459;54,9991;52,1175;52,6653;;
07.04.2015;54,2224;55,6006;53,7891;54,923;;
02.04.2015;52,2392;52,8809;49,88;50,9926;;
01.04.2015;50,967;53,6262;50,8647;52,6918;0;0
31.03.2015;51,9565;52,0309;50,8783;51,7613;;
30.03.2015;51,858;52,2314;50,9036;52,0562;;
27.03.2015;54,1129;54,1314;51,5567;51,7179;;
26.03.2015;52,2829;54,4473;52,2145;53,6544;;
25.03.2015;50,2094;52,03;49,8361;51,4201;;
24.03.2015;50,9726;51,7717;50,0959;50,5616;;
23.03.2015;50,1466;51,4938;49,6059;51,1547;;
20.03.2015;50,6774;51,6425;49,6984;51,1878;;
19.03.2015;52,1167;52,2947;50,5011;50,9741;;
18.03.2015;50,3729;53,649;49,7498;53,1392;;
17.03.2015;50,9497;50,9967;49,4546;50,1457;;
16.03.2015;51,8566;52,0271;49,8816;51,274;;
13.03.2015;54,4173;54,4599;51,7925;51,8823;;
12.03.2015;54,7018;55,7288;53,4816;53,8538;;
11.03.2015;54,2494;55,0577;53,2804;55,0388;;
10.03.2015;54,9637;55,1825;52,7286;53,0173;;
09.03.2015;55,0921;55,7136;54,2864;54,4659;;
06.03.2015;55,929;56,2939;54,4285;54,9576;;
05.03.2015;55,2941;56,0846;54,7656;55,2128;;
04.03.2015;54,6611;54,7645;53,47;54,3015;;
03.03.2015;53,8816;55,3322;53,5861;54,5084;;
02.03.2015;55,3621;55,5536;52,8592;53,3981;;
27.02.2015;54,7998;55,8763;54,1059;55,3915;;
26.02.2015;54,3784;55,3238;52,7172;53,4992;;
25.02.2015;51,7936;54,7418;51,4939;54,5831;;
24.02.2015;52,1937;53,2;51,3065;51,717;;
23.02.2015;53,297;53,6821;51,6729;52,2438;;
20.02.2015;53,4829;54,045;52,9563;53,1599;;
19.02.2015;52,2218;53,5435;50,7728;52,9288;;
18.02.2015;54,7529;54,9288;52,106;52,2116;;
17.02.2015;54,021;55,1862;52,8121;54,5642;;
16.02.2015;54,0366;54,8036;53,2346;54,0323;;
13.02.2015;51,9462;54,2439;51,9111;54,0023;;
12.02.2015;49,8146;52,8867;49,4968;52,4276;;
11.02.2015;51,1888;51,3435;48,7759;49,8984;;
10.02.2015;51,9873;52,7352;50,6418;51,4429;;
09.02.2015;52,3769;53,5211;51,7206;52,1552;;
06.02.2015;50,5023;52,3238;50,4979;51,6817;;
05.02.2015;47,5153;51,4855;47,397;50,6354;;
04.02.2015;51,5639;51,6512;47,6586;48,6065;;
03.02.2015;49,1341;52,7954;49,0594;51,0109;;
02.02.2015;45,4863;48,9567;45,4598;48,6605;;
30.01.2015;43,3702;46,9306;43,1358;46,5237;;
29.01.2015;42,9563;43,5219;42,753;43,4335;;
28.01.2015;43,1594;43,8117;42,6305;42,8156;;
27.01.2015;42,6588;44,1889;42,19;43,5919;;
26.01.2015;43,0585;43,8189;42,3115;42,8184;;
23.01.2015;44,0168;44,4365;43,3872;43,4274;;
22.01.2015;42,0597;43,4154;41,3496;42,0597;;
21.01.2015;41,6544;42,7629;41,5898;42,0469;;
20.01.2015;42,1453;42,7239;41,2816;41,5925;;
19.01.2015;42,8824;43,3735;41,9604;42,1887;;
16.01.2015;41,7501;43,4199;41,4912;43,1265;;
15.01.2015;42,4283;44,7216;41,0702;41,1556;;
14.01.2015;40,6582;42,7686;39,7367;42,4204;;
13.01.2015;40,7359;41,1602;39,3864;40,6298;;
12.01.2015;42,6635;42,888;41,0369;41,0878;;
09.01.2015;44,3198;44,3833;42,4194;43,304;;
08.01.2015;44,6338;44,9694;43,2784;44,3151;;
07.01.2015;43,5128;44,6201;42,8366;44,0115;;
06.01.2015;45,5808;45,8746;43,2726;43,6713;;
05.01.2015;47,0667;47,0961;44,2761;44,5447;;
02.01.2015;47,7912;47,812;46,0724;46,9152;;
31.12.2014;47,146;47,4714;46,0012;47,4096;;
30.12.2014;47,6398;48,0058;46,6735;47,3479;;
29.12.2014;49,0121;49,5286;48,2168;48,2373;;
24.12.2014;50,3765;50,4215;48,5964;49,243;;
23.12.2014;49,3491;50,872;49,0297;50,2825;;
22.12.2014;50,4813;51,3459;48,8376;49,0374;;
19.12.2014;48,7621;51,0261;48,0984;50,5253;;
18.12.2014;49,8698;51,8071;48,1848;48,6935;;
17.12.2014;47,9515;50,9198;47,1803;48,6946;;
16.12.2014;48,4406;48,8075;46,6778;47,7985;;
15.12.2014;50,6116;51,0744;48,6118;48,8935;;
12.12.2014;51,1566;51,3534;49,5462;49,6064;;
11.12.2014;52,0921;52,5909;51,0098;51,0983;;
10.12.2014;53,5709;53,8452;51,5252;52,2474;;
09.12.2014;53,7473;54,483;53,149;53,9292;;
08.12.2014;55,9145;56,196;54,1728;54,2544;;
05.12.2014;56,4027;56,8031;55,4562;55,9578;;
04.12.2014;57,0993;57,3349;55,9215;56,4739;;
03.12.2014;57,7366;57,9434;56,3701;56,7553;;
02.12.2014;58,0369;58,7693;56,6685;57,1314;;
01.12.2014;54,9082;58,5572;54,1744;58,449;;
28.11.2014;57,2138;58,796;55,916;56,0883;;
27.11.2014;61,7748;61,9191;57,1154;58,4335;;
26.11.2014;62,6092;63,2104;61,996;62,1764;;
25.11.2014;63,9126;64,7457;62,83;62,9467;;
24.11.2014;64,7905;65,145;63,9847;63,9968;;
21.11.2014;64,261;65,6939;63,6612;64,8446;;
20.11.2014;62,3016;63,7491;61,8869;63,6733;;
19.11.2014;62,6286;63,3746;62,2696;62,3574;;
18.11.2014;63,0454;63,8725;62,502;62,6299;;
17.11.2014;63,4323;63,5523;62,388;63,2682;;
14.11.2014;62,8056;64,1203;61,7441;63,9756;;
13.11.2014;64,76;65,0369;62,0785;62,3916;;
12.11.2014;65,7255;66,0865;64,5745;64,5825;;
11.11.2014;66,6251;66,7861;65,4218;66,0214;;
10.11.2014;67,5116;68,4727;66,1341;66,1341;;
07.11.2014;67,1427;68,0989;66,8079;67,4857;;
06.11.2014;66,913;66,933;66,0222;66,5974;;
05.11.2014;66,7628;68,097;65,8814;67,1514;;
04.11.2014;67,7921;67,892;66,062;66,5335;;
03.11.2014;68,7625;69,1427;67,2537;67,3577;;
31.10.2014;68,6242;68,8478;67,5543;68,5923;;
30.10.2014;68,9752;69,134;68,0425;68,3283;;
29.10.2014;67,6925;69,0312;67,6808;68,1518;;
28.10.2014;66,9007;67,7204;66,7634;67,6381;;
27.10.2014;67,6473;68,018;66,693;67,3358;;
24.10.2014;68,4375;68,5165;67,454;68,157;;
23.10.2014;66,7574;68,7939;66,4141;68,4821;;
22.10.2014;67,9311;68,589;66,5642;66,6627;;
21.10.2014;66,8116;67,748;66,7881;67,6696;;
20.10.2014;67,6623;67,7797;66,0886;66,7541;;
17.10.2014;67,3516;68,1003;66,6693;67,1294;;
16.10.2014;65,6091;68,7583;65,06;67,5896;;
15.10.2014;67,7483;67,8865;65,5298;66,1811;;
14.10.2014;70,2791;70,5954;67,1042;68,0057;;
13.10.2014;70,534;70,7706;69,7413;69,9424;;
10.10.2014;70,1614;71,8389;70,1614;71,3918;;
09.10.2014;72,2557;72,2597;70,4537;70,4537;;
08.10.2014;72,9419;72,9616;72,0206;72,7916;;
07.10.2014;74,0819;74,1493;72,9317;73,1578;;
06.10.2014;73,1516;74,1823;72,6303;73,9753;;
03.10.2014;73,1333;73,5257;72,5309;73,0025;;
02.10.2014;74,6655;74,6853;72,5002;74,2855;;
01.10.2014;75,3392;76,3231;74,4228;74,6767;;
30.09.2014;77,1358;77,7199;74,9662;75,3795;;
29.09.2014;76,1594;76,6357;75,809;76,4389;;
26.09.2014;76,2174;76,5748;75,7658;76,1232;;
25.09.2014;76,2744;76,7385;75,7041;76,3806;;
24.09.2014;75,4522;75,8771;74,5634;75,6705;;
23.09.2014;75,1939;75,6904;74,903;75,1745;;
22.09.2014;76,3682;76,376;75,0681;75,4223;;
19.09.2014;75,9765;76,6301;75,6225;76,5367;;
18.09.2014;76,6159;77,016;75,6914;75,8429;;
17.09.2014;76,3199;76,8717;76,0497;76,1925;;
16.09.2014;75,6352;76,7665;75,2568;76,392;;
15.09.2014;75,3001;76,2063;75,1762;75,8965;;
12.09.2014;76,4635;76,9971;75,551;75,6361;;
11.09.2014;76,4349;76,7636;75,4138;76,52;;
10.09.2014;77,5118;77,5157;76,1273;76,3439;;
09.09.2014;78,1894;78,4723;77,3834;77,519;;
08.09.2014;78,2034;78,4274;77,265;77,9292;;
05.09.2014;79,0122;79,4254;77,9657;78,3789;;
04.09.2014;79,0741;79,4814;78,5133;78,617;;
03.09.2014;76,3782;78,4047;76,3554;77,8192;;
02.09.2014;78,3492;78,3797;77,1521;77,1636;;
01.09.2014;78,5236;78,653;78,0972;78,139;;
29.08.2014;77,7563;78,325;77,7487;78,143;;
28.08.2014;77,8988;78,3085;77,6028;77,7849;;
27.08.2014;77,8743;78,2158;77,4531;77,8288;;
26.08.2014;77,8616;78,3581;77,5887;77,782;;
25.08.2014;77,1212;77,875;77,1212;77,803;;
22.08.2014;77,2707;77,5006;76,8863;76,9692;;
21.08.2014;76,8662;77,5034;76,3196;77,4393;;
20.08.2014;76,3738;77,0589;76,3625;76,9986;;
19.08.2014;76,0933;76,4303;75,6964;76,0371;;
18.08.2014;76,8736;76,8849;76,2946;76,302;;
15.08.2014;76,4005;77,4238;76,2474;77,2147;;
14.08.2014;78,2846;78,58;76,2133;76,4002;;
13.08.2014;77,6385;78,6864;77,2942;78,4207;;
12.08.2014;78,9038;78,9075;77,5776;77,7274;;
11.08.2014;78,8996;79,2731;78,597;78,6082;;
08.08.2014;79,392;80,251;78,6861;78,6861;;
07.08.2014;78,8525;79,6903;78,456;79,5856;;
06.08.2014;79,0483;79,423;78,8535;78,9097;;
05.08.2014;79,2632;79,3641;78,2432;78,8298;;
04.08.2014;78,0882;78,755;77,8796;78,6582;;
01.08.2014;78,9996;79,2161;77,9358;78,1262;;
31.07.2014;79,2473;79,6659;78,8026;78,8624;;
30.07.2014;80,2104;80,4865;78,9829;79,121;;
29.07.2014;80,0581;80,4565;79,7788;80,032;;
28.07.2014;80,466;80,4846;79,6732;80,0417;;
25.07.2014;79,7247;80,6882;79,4159;80,4725;;
24.07.2014;80,2442;80,3221;79,3015;79,591;;
23.07.2014;79,5693;80,3862;79,4876;80,3862;;
22.07.2014;79,8605;80,4058;79,3079;79,3153;;
21.07.2014;79,2351;79,7825;79,0021;79,7011;;
18.07.2014;80,1885;80,3105;79,0721;79,1312;;
17.07.2014;79,2717;80,2847;78,976;80,2736;;
16.07.2014;78,9573;79,7776;78,9462;79,1605;;
15.07.2014;79,0458;79,1045;77,5692;78,4397;;
14.07.2014;78,7884;79,3241;78,4839;78,9719;;
11.07.2014;80,1067;80,2243;78,6723;78,8305;;
10.07.2014;79,5832;80,2668;79,37;80,0647;;
09.07.2014;80,1404;80,2213;79,6258;79,6332;;
08.07.2014;80,9;81,0288;80,1089;80,2782;;
07.07.2014;81,2868;81,5516;80,838;80,8821;;
04.07.2014;81,7228;81,8958;81,3659;81,388;;
03.07.2014;81,2289;81,4598;81,0018;81,3865;;
02.07.2014;82,1141;82,3155;81,2244;81,2793;;
01.07.2014;82,0792;82,4189;81,7176;81,8418;;
30.06.2014;82,8159;82,8196;82,124;82,2595;;
27.06.2014;83,058;83,4838;82,8965;83,1278;;
26.06.2014;83,9593;83,9593;83,0626;83,1398;;
25.06.2014;83,6834;83,9185;83,173;83,856;;
24.06.2014;83,4704;84,3112;83,386;83,944;;
23.06.2014;84,5911;85,0508;83,7599;83,8666;;
20.06.2014;84,5305;84,6997;84,214;84,4348;;
19.06.2014;83,906;84,9413;83,8253;84,3906;;
18.06.2014;83,4955;84,4209;83,3628;84,2365;;
17.06.2014;83,2989;83,8628;82,6688;83,5716;;
16.06.2014;83,5907;83,6499;83,018;83,4466;;
13.06.2014;83,3346;84,2766;82,7582;83,0205;;
12.06.2014;80,9321;83,3272;80,9321;83,2865;;
11.06.2014;80,4016;80,8851;80,3905;80,826;;
10.06.2014;80,5677;80,826;80,0472;80,361;;
09.06.2014;79,2989;80,3167;79,2181;80,1624;;
